"country.ind","appln_filing_year","pat_tech_sum"
"AGO.High Tech",2013,2
"AGO.Medium-High Tech",2013,4
"ALB.High Tech",2001,1
"ALB.High Tech",2013,1
"ALB.Low Tech",2001,4
"ALB.Medium-High Tech",2001,5
"ALB.Medium-High Tech",2006,3
"ALB.Medium-High Tech",2010,2
"ALB.Medium-High Tech",2013,3
"AND.High Tech",2008,2
"AND.Low Tech",2004,3
"AND.Low Tech",2005,3
"AND.Low Tech",2008,1
"AND.Medium-High Tech",2011,1
"AND.Medium-High Tech",2012,1
"AND.Medium-Low Tech",2004,3
"AND.Medium-Low Tech",2005,3
"AND.Medium-Low Tech",2008,1
"ARE.High Tech",2001,1
"ARE.High Tech",2003,1
"ARE.High Tech",2005,1
"ARE.High Tech",2006,1
"ARE.High Tech",2007,2
"ARE.High Tech",2008,4
"ARE.High Tech",2009,1
"ARE.High Tech",2010,11
"ARE.High Tech",2011,1
"ARE.High Tech",2012,13
"ARE.High Tech",2013,20
"ARE.High Tech",2014,1
"ARE.Low Tech",2007,2
"ARE.Low Tech",2009,1
"ARE.Low Tech",2010,4
"ARE.Low Tech",2011,1
"ARE.Low Tech",2012,2
"ARE.Low Tech",2013,6
"ARE.Low Tech",2014,4
"ARE.Medium-High Tech",2000,1
"ARE.Medium-High Tech",2002,2
"ARE.Medium-High Tech",2003,1
"ARE.Medium-High Tech",2006,7
"ARE.Medium-High Tech",2008,3
"ARE.Medium-High Tech",2009,7
"ARE.Medium-High Tech",2010,11
"ARE.Medium-High Tech",2011,20
"ARE.Medium-High Tech",2012,15
"ARE.Medium-High Tech",2013,21
"ARE.Medium-High Tech",2014,19
"ARE.Medium-Low Tech",2007,1
"ARE.Medium-Low Tech",2009,1
"ARE.Medium-Low Tech",2010,5
"ARE.Medium-Low Tech",2011,1
"ARG.High Tech",2001,8
"ARG.High Tech",2003,2
"ARG.High Tech",2004,3
"ARG.High Tech",2005,1
"ARG.High Tech",2007,1
"ARG.High Tech",2008,9
"ARG.High Tech",2009,4
"ARG.High Tech",2010,1
"ARG.High Tech",2011,10
"ARG.High Tech",2012,8
"ARG.High Tech",2013,2
"ARG.Low Tech",2000,4
"ARG.Low Tech",2001,7
"ARG.Low Tech",2003,1
"ARG.Low Tech",2004,1
"ARG.Low Tech",2005,3
"ARG.Low Tech",2007,5
"ARG.Low Tech",2008,2
"ARG.Low Tech",2010,2
"ARG.Low Tech",2011,1
"ARG.Low Tech",2012,7
"ARG.Low Tech",2013,6
"ARG.Medium-High Tech",2000,1
"ARG.Medium-High Tech",2001,4
"ARG.Medium-High Tech",2003,1
"ARG.Medium-High Tech",2004,3
"ARG.Medium-High Tech",2005,13
"ARG.Medium-High Tech",2006,2
"ARG.Medium-High Tech",2007,2
"ARG.Medium-High Tech",2008,2
"ARG.Medium-High Tech",2009,4
"ARG.Medium-High Tech",2010,2
"ARG.Medium-High Tech",2011,5
"ARG.Medium-High Tech",2012,3
"ARG.Medium-High Tech",2013,3
"ARG.Medium-Low Tech",2001,4
"ARG.Medium-Low Tech",2005,2
"ARG.Medium-Low Tech",2007,6
"ARG.Medium-Low Tech",2008,1
"ARG.Medium-Low Tech",2011,1
"ARG.Medium-Low Tech",2012,3
"ARG.Medium-Low Tech",2013,3
"ARM.High Tech",2001,2
"ARM.High Tech",2002,1
"ARM.Low Tech",2013,1
"ARM.Medium-High Tech",2000,1
"ARM.Medium-High Tech",2001,1
"ARM.Medium-High Tech",2013,1
"ATG.Low Tech",2011,3
"ATG.Medium-High Tech",2011,1
"ATG.Medium-Low Tech",2011,3
"AUS.High Tech",2000,32
"AUS.High Tech",2001,27
"AUS.High Tech",2002,46
"AUS.High Tech",2003,36
"AUS.High Tech",2004,18
"AUS.High Tech",2005,24
"AUS.High Tech",2006,32
"AUS.High Tech",2007,44
"AUS.High Tech",2008,71
"AUS.High Tech",2009,36
"AUS.High Tech",2010,36
"AUS.High Tech",2011,46
"AUS.High Tech",2012,44
"AUS.High Tech",2013,36
"AUS.High Tech",2014,1
"AUS.Low Tech",2000,16
"AUS.Low Tech",2001,14
"AUS.Low Tech",2002,22
"AUS.Low Tech",2003,24
"AUS.Low Tech",2004,14
"AUS.Low Tech",2005,31
"AUS.Low Tech",2006,29
"AUS.Low Tech",2007,29
"AUS.Low Tech",2008,35
"AUS.Low Tech",2009,18
"AUS.Low Tech",2010,35
"AUS.Low Tech",2011,24
"AUS.Low Tech",2012,33
"AUS.Low Tech",2013,41
"AUS.Low Tech",2014,1
"AUS.Medium-High Tech",2000,82
"AUS.Medium-High Tech",2001,35
"AUS.Medium-High Tech",2002,45
"AUS.Medium-High Tech",2003,56
"AUS.Medium-High Tech",2004,44
"AUS.Medium-High Tech",2005,50
"AUS.Medium-High Tech",2006,37
"AUS.Medium-High Tech",2007,51
"AUS.Medium-High Tech",2008,49
"AUS.Medium-High Tech",2009,48
"AUS.Medium-High Tech",2010,66
"AUS.Medium-High Tech",2011,53
"AUS.Medium-High Tech",2012,62
"AUS.Medium-High Tech",2013,90
"AUS.Medium-Low Tech",2000,10
"AUS.Medium-Low Tech",2001,11
"AUS.Medium-Low Tech",2002,11
"AUS.Medium-Low Tech",2003,20
"AUS.Medium-Low Tech",2004,14
"AUS.Medium-Low Tech",2005,6
"AUS.Medium-Low Tech",2006,13
"AUS.Medium-Low Tech",2007,10
"AUS.Medium-Low Tech",2008,19
"AUS.Medium-Low Tech",2009,6
"AUS.Medium-Low Tech",2010,17
"AUS.Medium-Low Tech",2011,14
"AUS.Medium-Low Tech",2012,20
"AUS.Medium-Low Tech",2013,27
"AUT.High Tech",2000,1
"AUT.High Tech",2001,19
"AUT.High Tech",2002,23
"AUT.High Tech",2003,6
"AUT.High Tech",2004,3
"AUT.High Tech",2005,17
"AUT.High Tech",2006,26
"AUT.High Tech",2007,26
"AUT.High Tech",2008,43
"AUT.High Tech",2009,11
"AUT.High Tech",2010,43
"AUT.High Tech",2011,35
"AUT.High Tech",2012,47
"AUT.High Tech",2013,38
"AUT.High Tech",2014,1
"AUT.Low Tech",2000,8
"AUT.Low Tech",2001,7
"AUT.Low Tech",2002,7
"AUT.Low Tech",2003,6
"AUT.Low Tech",2004,6
"AUT.Low Tech",2005,12
"AUT.Low Tech",2006,10
"AUT.Low Tech",2007,12
"AUT.Low Tech",2008,8
"AUT.Low Tech",2009,20
"AUT.Low Tech",2010,7
"AUT.Low Tech",2011,9
"AUT.Low Tech",2012,24
"AUT.Low Tech",2013,20
"AUT.Medium-High Tech",2000,3
"AUT.Medium-High Tech",2001,90
"AUT.Medium-High Tech",2002,21
"AUT.Medium-High Tech",2003,12
"AUT.Medium-High Tech",2004,12
"AUT.Medium-High Tech",2005,23
"AUT.Medium-High Tech",2006,38
"AUT.Medium-High Tech",2007,22
"AUT.Medium-High Tech",2008,31
"AUT.Medium-High Tech",2009,53
"AUT.Medium-High Tech",2010,25
"AUT.Medium-High Tech",2011,41
"AUT.Medium-High Tech",2012,60
"AUT.Medium-High Tech",2013,40
"AUT.Medium-High Tech",2014,2
"AUT.Medium-Low Tech",2000,6
"AUT.Medium-Low Tech",2001,4
"AUT.Medium-Low Tech",2002,13
"AUT.Medium-Low Tech",2003,7
"AUT.Medium-Low Tech",2004,2
"AUT.Medium-Low Tech",2005,9
"AUT.Medium-Low Tech",2006,8
"AUT.Medium-Low Tech",2007,6
"AUT.Medium-Low Tech",2008,6
"AUT.Medium-Low Tech",2009,13
"AUT.Medium-Low Tech",2010,19
"AUT.Medium-Low Tech",2011,9
"AUT.Medium-Low Tech",2012,20
"AUT.Medium-Low Tech",2013,14
"AUT.Medium-Low Tech",2014,1
"AZE.High Tech",2006,1
"AZE.High Tech",2008,1
"AZE.High Tech",2011,4
"AZE.High Tech",2012,1
"AZE.High Tech",2013,1
"AZE.Low Tech",2009,1
"AZE.Medium-High Tech",2002,2
"AZE.Medium-High Tech",2005,2
"AZE.Medium-High Tech",2007,3
"AZE.Medium-High Tech",2008,5
"AZE.Medium-High Tech",2011,4
"AZE.Medium-High Tech",2012,1
"AZE.Medium-High Tech",2013,2
"AZE.Medium-Low Tech",2009,2
"AZE.Medium-Low Tech",2013,1
"BEL.High Tech",2000,20
"BEL.High Tech",2001,15
"BEL.High Tech",2002,35
"BEL.High Tech",2003,37
"BEL.High Tech",2004,15
"BEL.High Tech",2005,22
"BEL.High Tech",2006,32
"BEL.High Tech",2007,42
"BEL.High Tech",2008,35
"BEL.High Tech",2009,50
"BEL.High Tech",2010,39
"BEL.High Tech",2011,28
"BEL.High Tech",2012,53
"BEL.High Tech",2013,34
"BEL.Low Tech",2000,7
"BEL.Low Tech",2001,13
"BEL.Low Tech",2002,11
"BEL.Low Tech",2003,37
"BEL.Low Tech",2004,10
"BEL.Low Tech",2005,24
"BEL.Low Tech",2006,23
"BEL.Low Tech",2007,24
"BEL.Low Tech",2008,25
"BEL.Low Tech",2009,28
"BEL.Low Tech",2010,16
"BEL.Low Tech",2011,29
"BEL.Low Tech",2012,23
"BEL.Low Tech",2013,14
"BEL.Medium-High Tech",2000,30
"BEL.Medium-High Tech",2001,35
"BEL.Medium-High Tech",2002,40
"BEL.Medium-High Tech",2003,49
"BEL.Medium-High Tech",2004,18
"BEL.Medium-High Tech",2005,30
"BEL.Medium-High Tech",2006,29
"BEL.Medium-High Tech",2007,53
"BEL.Medium-High Tech",2008,43
"BEL.Medium-High Tech",2009,97
"BEL.Medium-High Tech",2010,83
"BEL.Medium-High Tech",2011,93
"BEL.Medium-High Tech",2012,79
"BEL.Medium-High Tech",2013,48
"BEL.Medium-Low Tech",2000,5
"BEL.Medium-Low Tech",2001,8
"BEL.Medium-Low Tech",2002,12
"BEL.Medium-Low Tech",2003,17
"BEL.Medium-Low Tech",2004,10
"BEL.Medium-Low Tech",2005,17
"BEL.Medium-Low Tech",2006,9
"BEL.Medium-Low Tech",2007,18
"BEL.Medium-Low Tech",2008,32
"BEL.Medium-Low Tech",2009,34
"BEL.Medium-Low Tech",2010,24
"BEL.Medium-Low Tech",2011,36
"BEL.Medium-Low Tech",2012,21
"BEL.Medium-Low Tech",2013,14
"BEN.High Tech",2002,1
"BEN.High Tech",2006,1
"BEN.Medium-High Tech",2009,2
"BFA.High Tech",2002,1
"BFA.Low Tech",2008,1
"BGD.High Tech",2004,3
"BGD.High Tech",2009,3
"BGR.High Tech",2000,1
"BGR.High Tech",2003,1
"BGR.High Tech",2005,2
"BGR.High Tech",2006,1
"BGR.High Tech",2007,4
"BGR.High Tech",2008,3
"BGR.High Tech",2009,1
"BGR.High Tech",2012,3
"BGR.High Tech",2013,3
"BGR.Low Tech",2009,1
"BGR.Low Tech",2011,1
"BGR.Medium-High Tech",2000,5
"BGR.Medium-High Tech",2001,2
"BGR.Medium-High Tech",2002,3
"BGR.Medium-High Tech",2003,5
"BGR.Medium-High Tech",2004,2
"BGR.Medium-High Tech",2005,2
"BGR.Medium-High Tech",2006,1
"BGR.Medium-High Tech",2007,3
"BGR.Medium-High Tech",2008,3
"BGR.Medium-High Tech",2009,1
"BGR.Medium-High Tech",2010,3
"BGR.Medium-High Tech",2011,6
"BGR.Medium-High Tech",2012,1
"BGR.Medium-High Tech",2013,3
"BGR.Medium-Low Tech",2000,1
"BGR.Medium-Low Tech",2003,3
"BGR.Medium-Low Tech",2006,1
"BGR.Medium-Low Tech",2008,5
"BGR.Medium-Low Tech",2011,4
"BHR.High Tech",2011,1
"BHR.Low Tech",2009,1
"BHR.Medium-High Tech",2010,1
"BHR.Medium-High Tech",2011,1
"BHR.Medium-Low Tech",2008,1
"BHS.Low Tech",2011,1
"BHS.Medium-High Tech",2003,1
"BHS.Medium-High Tech",2009,1
"BHS.Medium-Low Tech",2002,1
"BHS.Medium-Low Tech",2009,1
"BIH.High Tech",2013,3
"BIH.Medium-High Tech",2006,2
"BIH.Medium-High Tech",2009,1
"BLR.High Tech",2000,3
"BLR.High Tech",2001,7
"BLR.High Tech",2002,5
"BLR.High Tech",2003,1
"BLR.High Tech",2004,3
"BLR.High Tech",2005,1
"BLR.High Tech",2010,3
"BLR.High Tech",2011,2
"BLR.High Tech",2013,7
"BLR.Low Tech",2000,2
"BLR.Low Tech",2001,1
"BLR.Low Tech",2002,3
"BLR.Low Tech",2003,1
"BLR.Low Tech",2004,3
"BLR.Low Tech",2005,1
"BLR.Low Tech",2008,1
"BLR.Low Tech",2009,6
"BLR.Low Tech",2010,1
"BLR.Low Tech",2011,2
"BLR.Low Tech",2013,2
"BLR.Medium-High Tech",2000,1
"BLR.Medium-High Tech",2001,5
"BLR.Medium-High Tech",2002,4
"BLR.Medium-High Tech",2003,6
"BLR.Medium-High Tech",2004,5
"BLR.Medium-High Tech",2005,1
"BLR.Medium-High Tech",2006,3
"BLR.Medium-High Tech",2007,5
"BLR.Medium-High Tech",2008,6
"BLR.Medium-High Tech",2009,6
"BLR.Medium-High Tech",2011,9
"BLR.Medium-High Tech",2013,6
"BLR.Medium-Low Tech",2001,1
"BLR.Medium-Low Tech",2002,1
"BLR.Medium-Low Tech",2003,2
"BLR.Medium-Low Tech",2004,4
"BLR.Medium-Low Tech",2006,2
"BLR.Medium-Low Tech",2008,2
"BLR.Medium-Low Tech",2009,3
"BLR.Medium-Low Tech",2010,4
"BLR.Medium-Low Tech",2011,3
"BLR.Medium-Low Tech",2012,1
"BLZ.Low Tech",2007,1
"BLZ.Low Tech",2011,1
"BLZ.Medium-High Tech",2008,1
"BMU.Medium-High Tech",2001,2
"BOL.Low Tech",2004,1
"BRA.High Tech",2000,6
"BRA.High Tech",2001,1
"BRA.High Tech",2002,13
"BRA.High Tech",2003,10
"BRA.High Tech",2004,10
"BRA.High Tech",2005,5
"BRA.High Tech",2006,18
"BRA.High Tech",2007,22
"BRA.High Tech",2008,33
"BRA.High Tech",2009,27
"BRA.High Tech",2010,38
"BRA.High Tech",2011,79
"BRA.High Tech",2012,44
"BRA.High Tech",2013,56
"BRA.High Tech",2014,9
"BRA.Low Tech",2000,7
"BRA.Low Tech",2001,7
"BRA.Low Tech",2002,10
"BRA.Low Tech",2003,15
"BRA.Low Tech",2004,1
"BRA.Low Tech",2005,16
"BRA.Low Tech",2006,25
"BRA.Low Tech",2007,14
"BRA.Low Tech",2008,19
"BRA.Low Tech",2009,32
"BRA.Low Tech",2010,41
"BRA.Low Tech",2011,43
"BRA.Low Tech",2012,24
"BRA.Low Tech",2013,43
"BRA.Low Tech",2014,1
"BRA.Medium-High Tech",2000,15
"BRA.Medium-High Tech",2001,14
"BRA.Medium-High Tech",2002,12
"BRA.Medium-High Tech",2003,27
"BRA.Medium-High Tech",2004,8
"BRA.Medium-High Tech",2005,56
"BRA.Medium-High Tech",2006,71
"BRA.Medium-High Tech",2007,59
"BRA.Medium-High Tech",2008,38
"BRA.Medium-High Tech",2009,36
"BRA.Medium-High Tech",2010,89
"BRA.Medium-High Tech",2011,94
"BRA.Medium-High Tech",2012,115
"BRA.Medium-High Tech",2013,127
"BRA.Medium-High Tech",2014,3
"BRA.Medium-Low Tech",2000,3
"BRA.Medium-Low Tech",2001,6
"BRA.Medium-Low Tech",2002,5
"BRA.Medium-Low Tech",2003,7
"BRA.Medium-Low Tech",2004,8
"BRA.Medium-Low Tech",2005,9
"BRA.Medium-Low Tech",2006,23
"BRA.Medium-Low Tech",2007,8
"BRA.Medium-Low Tech",2008,17
"BRA.Medium-Low Tech",2009,15
"BRA.Medium-Low Tech",2010,33
"BRA.Medium-Low Tech",2011,32
"BRA.Medium-Low Tech",2012,20
"BRA.Medium-Low Tech",2013,28
"BRA.Medium-Low Tech",2014,1
"BRB.High Tech",2005,1
"BRB.High Tech",2007,1
"BRB.Low Tech",2008,1
"BRN.Low Tech",2012,3
"BRN.Medium-High Tech",2012,1
"BRN.Medium-Low Tech",2012,3
"CAF.Low Tech",2012,1
"CAF.Medium-High Tech",2012,2
"CAN.High Tech",2000,156
"CAN.High Tech",2001,133
"CAN.High Tech",2002,156
"CAN.High Tech",2003,121
"CAN.High Tech",2004,89
"CAN.High Tech",2005,106
"CAN.High Tech",2006,103
"CAN.High Tech",2007,174
"CAN.High Tech",2008,154
"CAN.High Tech",2009,128
"CAN.High Tech",2010,162
"CAN.High Tech",2011,362
"CAN.High Tech",2012,215
"CAN.High Tech",2013,209
"CAN.High Tech",2014,9
"CAN.High Tech",2015,1
"CAN.Low Tech",2000,49
"CAN.Low Tech",2001,64
"CAN.Low Tech",2002,64
"CAN.Low Tech",2003,49
"CAN.Low Tech",2004,24
"CAN.Low Tech",2005,55
"CAN.Low Tech",2006,47
"CAN.Low Tech",2007,59
"CAN.Low Tech",2008,67
"CAN.Low Tech",2009,46
"CAN.Low Tech",2010,54
"CAN.Low Tech",2011,58
"CAN.Low Tech",2012,82
"CAN.Low Tech",2013,48
"CAN.Low Tech",2014,8
"CAN.Medium-High Tech",2000,125
"CAN.Medium-High Tech",2001,146
"CAN.Medium-High Tech",2002,136
"CAN.Medium-High Tech",2003,122
"CAN.Medium-High Tech",2004,84
"CAN.Medium-High Tech",2005,89
"CAN.Medium-High Tech",2006,117
"CAN.Medium-High Tech",2007,141
"CAN.Medium-High Tech",2008,169
"CAN.Medium-High Tech",2009,131
"CAN.Medium-High Tech",2010,178
"CAN.Medium-High Tech",2011,161
"CAN.Medium-High Tech",2012,207
"CAN.Medium-High Tech",2013,163
"CAN.Medium-High Tech",2014,13
"CAN.Medium-Low Tech",2000,27
"CAN.Medium-Low Tech",2001,26
"CAN.Medium-Low Tech",2002,53
"CAN.Medium-Low Tech",2003,23
"CAN.Medium-Low Tech",2004,22
"CAN.Medium-Low Tech",2005,34
"CAN.Medium-Low Tech",2006,32
"CAN.Medium-Low Tech",2007,34
"CAN.Medium-Low Tech",2008,50
"CAN.Medium-Low Tech",2009,35
"CAN.Medium-Low Tech",2010,33
"CAN.Medium-Low Tech",2011,33
"CAN.Medium-Low Tech",2012,49
"CAN.Medium-Low Tech",2013,22
"CAN.Medium-Low Tech",2014,5
"CHE.High Tech",2000,139
"CHE.High Tech",2001,115
"CHE.High Tech",2002,80
"CHE.High Tech",2003,119
"CHE.High Tech",2004,75
"CHE.High Tech",2005,81
"CHE.High Tech",2006,119
"CHE.High Tech",2007,132
"CHE.High Tech",2008,117
"CHE.High Tech",2009,116
"CHE.High Tech",2010,161
"CHE.High Tech",2011,162
"CHE.High Tech",2012,160
"CHE.High Tech",2013,183
"CHE.High Tech",2014,19
"CHE.High Tech",2015,1
"CHE.Low Tech",2000,81
"CHE.Low Tech",2001,77
"CHE.Low Tech",2002,112
"CHE.Low Tech",2003,136
"CHE.Low Tech",2004,94
"CHE.Low Tech",2005,75
"CHE.Low Tech",2006,78
"CHE.Low Tech",2007,70
"CHE.Low Tech",2008,72
"CHE.Low Tech",2009,90
"CHE.Low Tech",2010,124
"CHE.Low Tech",2011,80
"CHE.Low Tech",2012,87
"CHE.Low Tech",2013,76
"CHE.Low Tech",2014,9
"CHE.Medium-High Tech",2000,78
"CHE.Medium-High Tech",2001,81
"CHE.Medium-High Tech",2002,90
"CHE.Medium-High Tech",2003,113
"CHE.Medium-High Tech",2004,70
"CHE.Medium-High Tech",2005,103
"CHE.Medium-High Tech",2006,100
"CHE.Medium-High Tech",2007,151
"CHE.Medium-High Tech",2008,154
"CHE.Medium-High Tech",2009,167
"CHE.Medium-High Tech",2010,157
"CHE.Medium-High Tech",2011,162
"CHE.Medium-High Tech",2012,152
"CHE.Medium-High Tech",2013,150
"CHE.Medium-High Tech",2014,12
"CHE.Medium-Low Tech",2000,26
"CHE.Medium-Low Tech",2001,29
"CHE.Medium-Low Tech",2002,31
"CHE.Medium-Low Tech",2003,38
"CHE.Medium-Low Tech",2004,33
"CHE.Medium-Low Tech",2005,29
"CHE.Medium-Low Tech",2006,39
"CHE.Medium-Low Tech",2007,23
"CHE.Medium-Low Tech",2008,35
"CHE.Medium-Low Tech",2009,44
"CHE.Medium-Low Tech",2010,45
"CHE.Medium-Low Tech",2011,36
"CHE.Medium-Low Tech",2012,50
"CHE.Medium-Low Tech",2013,43
"CHE.Medium-Low Tech",2014,5
"CHL.High Tech",2001,1
"CHL.High Tech",2007,1
"CHL.High Tech",2009,3
"CHL.High Tech",2010,9
"CHL.High Tech",2011,7
"CHL.High Tech",2012,6
"CHL.High Tech",2013,9
"CHL.High Tech",2014,1
"CHL.Low Tech",2003,2
"CHL.Low Tech",2005,1
"CHL.Low Tech",2009,1
"CHL.Low Tech",2010,4
"CHL.Low Tech",2011,7
"CHL.Low Tech",2012,10
"CHL.Low Tech",2013,13
"CHL.Medium-High Tech",2001,1
"CHL.Medium-High Tech",2003,2
"CHL.Medium-High Tech",2005,2
"CHL.Medium-High Tech",2007,3
"CHL.Medium-High Tech",2009,5
"CHL.Medium-High Tech",2010,11
"CHL.Medium-High Tech",2011,19
"CHL.Medium-High Tech",2012,15
"CHL.Medium-High Tech",2013,31
"CHL.Medium-High Tech",2014,4
"CHL.Medium-Low Tech",2010,2
"CHL.Medium-Low Tech",2012,6
"CHL.Medium-Low Tech",2013,15
"CHN.High Tech",2000,115
"CHN.High Tech",2001,134
"CHN.High Tech",2002,217
"CHN.High Tech",2003,190
"CHN.High Tech",2004,240
"CHN.High Tech",2005,422
"CHN.High Tech",2006,437
"CHN.High Tech",2007,626
"CHN.High Tech",2008,773
"CHN.High Tech",2009,1278
"CHN.High Tech",2010,1649
"CHN.High Tech",2011,3267
"CHN.High Tech",2012,3551
"CHN.High Tech",2013,4181
"CHN.High Tech",2014,297
"CHN.Low Tech",2000,40
"CHN.Low Tech",2001,31
"CHN.Low Tech",2002,56
"CHN.Low Tech",2003,43
"CHN.Low Tech",2004,58
"CHN.Low Tech",2005,101
"CHN.Low Tech",2006,110
"CHN.Low Tech",2007,184
"CHN.Low Tech",2008,194
"CHN.Low Tech",2009,198
"CHN.Low Tech",2010,270
"CHN.Low Tech",2011,322
"CHN.Low Tech",2012,498
"CHN.Low Tech",2013,696
"CHN.Low Tech",2014,38
"CHN.Medium-High Tech",2000,72
"CHN.Medium-High Tech",2001,72
"CHN.Medium-High Tech",2002,101
"CHN.Medium-High Tech",2003,86
"CHN.Medium-High Tech",2004,93
"CHN.Medium-High Tech",2005,233
"CHN.Medium-High Tech",2006,364
"CHN.Medium-High Tech",2007,452
"CHN.Medium-High Tech",2008,497
"CHN.Medium-High Tech",2009,656
"CHN.Medium-High Tech",2010,1083
"CHN.Medium-High Tech",2011,1497
"CHN.Medium-High Tech",2012,1545
"CHN.Medium-High Tech",2013,1534
"CHN.Medium-High Tech",2014,101
"CHN.Medium-Low Tech",2000,21
"CHN.Medium-Low Tech",2001,21
"CHN.Medium-Low Tech",2002,21
"CHN.Medium-Low Tech",2003,12
"CHN.Medium-Low Tech",2004,31
"CHN.Medium-Low Tech",2005,54
"CHN.Medium-Low Tech",2006,54
"CHN.Medium-Low Tech",2007,118
"CHN.Medium-Low Tech",2008,130
"CHN.Medium-Low Tech",2009,153
"CHN.Medium-Low Tech",2010,159
"CHN.Medium-Low Tech",2011,252
"CHN.Medium-Low Tech",2012,253
"CHN.Medium-Low Tech",2013,254
"CHN.Medium-Low Tech",2014,13
"CIV.High Tech",2001,1
"CIV.Low Tech",2000,1
"CIV.Low Tech",2005,2
"CMR.High Tech",2009,4
"CMR.Low Tech",2004,1
"CMR.Medium-High Tech",2000,1
"CMR.Medium-High Tech",2004,1
"CMR.Medium-High Tech",2012,3
"COD.High Tech",2008,1
"COD.Medium-High Tech",2014,1
"COL.High Tech",2001,2
"COL.High Tech",2002,2
"COL.High Tech",2003,1
"COL.High Tech",2004,3
"COL.High Tech",2005,5
"COL.High Tech",2006,7
"COL.High Tech",2007,2
"COL.High Tech",2009,3
"COL.High Tech",2010,2
"COL.High Tech",2011,3
"COL.High Tech",2012,7
"COL.High Tech",2013,4
"COL.Low Tech",2001,6
"COL.Low Tech",2002,5
"COL.Low Tech",2003,4
"COL.Low Tech",2004,4
"COL.Low Tech",2005,13
"COL.Low Tech",2006,6
"COL.Low Tech",2007,7
"COL.Low Tech",2008,13
"COL.Low Tech",2009,12
"COL.Low Tech",2010,3
"COL.Low Tech",2011,9
"COL.Low Tech",2012,11
"COL.Low Tech",2013,13
"COL.Medium-High Tech",2000,1
"COL.Medium-High Tech",2001,5
"COL.Medium-High Tech",2002,15
"COL.Medium-High Tech",2003,10
"COL.Medium-High Tech",2004,3
"COL.Medium-High Tech",2005,13
"COL.Medium-High Tech",2006,4
"COL.Medium-High Tech",2007,12
"COL.Medium-High Tech",2008,3
"COL.Medium-High Tech",2009,14
"COL.Medium-High Tech",2011,8
"COL.Medium-High Tech",2012,13
"COL.Medium-High Tech",2013,16
"COL.Medium-Low Tech",2001,1
"COL.Medium-Low Tech",2002,1
"COL.Medium-Low Tech",2004,3
"COL.Medium-Low Tech",2005,4
"COL.Medium-Low Tech",2006,1
"COL.Medium-Low Tech",2008,8
"COL.Medium-Low Tech",2009,7
"COL.Medium-Low Tech",2011,4
"COL.Medium-Low Tech",2012,8
"COL.Medium-Low Tech",2013,10
"CPV.Medium-High Tech",2002,2
"CRI.High Tech",2000,2
"CRI.High Tech",2008,2
"CRI.High Tech",2010,1
"CRI.High Tech",2011,2
"CRI.High Tech",2012,4
"CRI.High Tech",2013,5
"CRI.High Tech",2014,1
"CRI.Low Tech",2000,4
"CRI.Low Tech",2003,3
"CRI.Low Tech",2004,1
"CRI.Low Tech",2006,1
"CRI.Low Tech",2008,3
"CRI.Low Tech",2009,6
"CRI.Low Tech",2012,4
"CRI.Medium-High Tech",2000,1
"CRI.Medium-High Tech",2001,7
"CRI.Medium-High Tech",2003,3
"CRI.Medium-High Tech",2004,3
"CRI.Medium-High Tech",2005,2
"CRI.Medium-High Tech",2006,2
"CRI.Medium-High Tech",2008,1
"CRI.Medium-High Tech",2009,2
"CRI.Medium-High Tech",2010,1
"CRI.Medium-High Tech",2013,3
"CRI.Medium-Low Tech",2001,1
"CRI.Medium-Low Tech",2002,1
"CRI.Medium-Low Tech",2003,3
"CRI.Medium-Low Tech",2007,1
"CRI.Medium-Low Tech",2009,6
"CRI.Medium-Low Tech",2010,1
"CRI.Medium-Low Tech",2012,3
"CUB.High Tech",2003,1
"CUB.High Tech",2006,1
"CUB.Low Tech",2004,1
"CUB.Medium-High Tech",2006,1
"CUB.Medium-High Tech",2013,1
"CYP.High Tech",2005,2
"CYP.High Tech",2006,1
"CYP.High Tech",2011,1
"CYP.High Tech",2012,1
"CYP.High Tech",2013,2
"CYP.Low Tech",2000,1
"CYP.Low Tech",2003,2
"CYP.Low Tech",2005,4
"CYP.Low Tech",2006,1
"CYP.Low Tech",2011,5
"CYP.Medium-High Tech",2000,5
"CYP.Medium-High Tech",2001,2
"CYP.Medium-High Tech",2002,1
"CYP.Medium-High Tech",2003,1
"CYP.Medium-High Tech",2005,1
"CYP.Medium-High Tech",2007,4
"CYP.Medium-High Tech",2008,1
"CYP.Medium-High Tech",2010,1
"CYP.Medium-Low Tech",2001,1
"CYP.Medium-Low Tech",2005,4
"CYP.Medium-Low Tech",2011,3
"CZE.High Tech",2000,5
"CZE.High Tech",2001,1
"CZE.High Tech",2003,2
"CZE.High Tech",2004,1
"CZE.High Tech",2005,3
"CZE.High Tech",2006,5
"CZE.High Tech",2007,4
"CZE.High Tech",2008,9
"CZE.High Tech",2009,8
"CZE.High Tech",2010,8
"CZE.High Tech",2011,8
"CZE.High Tech",2012,21
"CZE.High Tech",2013,22
"CZE.Low Tech",2000,5
"CZE.Low Tech",2001,1
"CZE.Low Tech",2002,1
"CZE.Low Tech",2004,2
"CZE.Low Tech",2006,2
"CZE.Low Tech",2007,3
"CZE.Low Tech",2009,6
"CZE.Low Tech",2010,4
"CZE.Low Tech",2011,9
"CZE.Low Tech",2012,1
"CZE.Low Tech",2013,6
"CZE.Medium-High Tech",2000,9
"CZE.Medium-High Tech",2001,4
"CZE.Medium-High Tech",2002,8
"CZE.Medium-High Tech",2003,4
"CZE.Medium-High Tech",2004,2
"CZE.Medium-High Tech",2005,8
"CZE.Medium-High Tech",2006,8
"CZE.Medium-High Tech",2007,5
"CZE.Medium-High Tech",2008,5
"CZE.Medium-High Tech",2009,16
"CZE.Medium-High Tech",2010,13
"CZE.Medium-High Tech",2011,11
"CZE.Medium-High Tech",2012,9
"CZE.Medium-High Tech",2013,19
"CZE.Medium-Low Tech",2000,2
"CZE.Medium-Low Tech",2002,1
"CZE.Medium-Low Tech",2003,1
"CZE.Medium-Low Tech",2005,2
"CZE.Medium-Low Tech",2007,2
"CZE.Medium-Low Tech",2011,7
"CZE.Medium-Low Tech",2013,8
"DEU.High Tech",2000,281
"DEU.High Tech",2001,292
"DEU.High Tech",2002,420
"DEU.High Tech",2003,363
"DEU.High Tech",2004,275
"DEU.High Tech",2005,370
"DEU.High Tech",2006,430
"DEU.High Tech",2007,492
"DEU.High Tech",2008,596
"DEU.High Tech",2009,619
"DEU.High Tech",2010,676
"DEU.High Tech",2011,714
"DEU.High Tech",2012,719
"DEU.High Tech",2013,733
"DEU.High Tech",2014,39
"DEU.Low Tech",2000,103
"DEU.Low Tech",2001,62
"DEU.Low Tech",2002,107
"DEU.Low Tech",2003,96
"DEU.Low Tech",2004,106
"DEU.Low Tech",2005,138
"DEU.Low Tech",2006,142
"DEU.Low Tech",2007,206
"DEU.Low Tech",2008,128
"DEU.Low Tech",2009,177
"DEU.Low Tech",2010,186
"DEU.Low Tech",2011,220
"DEU.Low Tech",2012,236
"DEU.Low Tech",2013,202
"DEU.Low Tech",2014,7
"DEU.Medium-High Tech",2000,241
"DEU.Medium-High Tech",2001,235
"DEU.Medium-High Tech",2002,264
"DEU.Medium-High Tech",2003,284
"DEU.Medium-High Tech",2004,283
"DEU.Medium-High Tech",2005,395
"DEU.Medium-High Tech",2006,556
"DEU.Medium-High Tech",2007,696
"DEU.Medium-High Tech",2008,556
"DEU.Medium-High Tech",2009,525
"DEU.Medium-High Tech",2010,596
"DEU.Medium-High Tech",2011,698
"DEU.Medium-High Tech",2012,748
"DEU.Medium-High Tech",2013,698
"DEU.Medium-High Tech",2014,23
"DEU.Medium-Low Tech",2000,54
"DEU.Medium-Low Tech",2001,55
"DEU.Medium-Low Tech",2002,81
"DEU.Medium-Low Tech",2003,36
"DEU.Medium-Low Tech",2004,69
"DEU.Medium-Low Tech",2005,73
"DEU.Medium-Low Tech",2006,106
"DEU.Medium-Low Tech",2007,118
"DEU.Medium-Low Tech",2008,74
"DEU.Medium-Low Tech",2009,139
"DEU.Medium-Low Tech",2010,107
"DEU.Medium-Low Tech",2011,125
"DEU.Medium-Low Tech",2012,113
"DEU.Medium-Low Tech",2013,160
"DEU.Medium-Low Tech",2014,5
"DMA.High Tech",2000,1
"DNK.High Tech",2000,31
"DNK.High Tech",2001,44
"DNK.High Tech",2002,94
"DNK.High Tech",2003,73
"DNK.High Tech",2004,47
"DNK.High Tech",2005,65
"DNK.High Tech",2006,60
"DNK.High Tech",2007,53
"DNK.High Tech",2008,93
"DNK.High Tech",2009,125
"DNK.High Tech",2010,120
"DNK.High Tech",2011,114
"DNK.High Tech",2012,117
"DNK.High Tech",2013,105
"DNK.High Tech",2014,1
"DNK.Low Tech",2000,17
"DNK.Low Tech",2001,10
"DNK.Low Tech",2002,19
"DNK.Low Tech",2003,16
"DNK.Low Tech",2004,14
"DNK.Low Tech",2005,30
"DNK.Low Tech",2006,24
"DNK.Low Tech",2007,30
"DNK.Low Tech",2008,21
"DNK.Low Tech",2009,28
"DNK.Low Tech",2010,25
"DNK.Low Tech",2011,21
"DNK.Low Tech",2012,42
"DNK.Low Tech",2013,24
"DNK.Medium-High Tech",2000,35
"DNK.Medium-High Tech",2001,57
"DNK.Medium-High Tech",2002,33
"DNK.Medium-High Tech",2003,60
"DNK.Medium-High Tech",2004,53
"DNK.Medium-High Tech",2005,67
"DNK.Medium-High Tech",2006,51
"DNK.Medium-High Tech",2007,50
"DNK.Medium-High Tech",2008,47
"DNK.Medium-High Tech",2009,57
"DNK.Medium-High Tech",2010,56
"DNK.Medium-High Tech",2011,84
"DNK.Medium-High Tech",2012,100
"DNK.Medium-High Tech",2013,85
"DNK.Medium-High Tech",2014,3
"DNK.Medium-Low Tech",2000,11
"DNK.Medium-Low Tech",2001,8
"DNK.Medium-Low Tech",2002,8
"DNK.Medium-Low Tech",2003,15
"DNK.Medium-Low Tech",2004,10
"DNK.Medium-Low Tech",2005,18
"DNK.Medium-Low Tech",2006,16
"DNK.Medium-Low Tech",2007,28
"DNK.Medium-Low Tech",2008,10
"DNK.Medium-Low Tech",2009,26
"DNK.Medium-Low Tech",2010,13
"DNK.Medium-Low Tech",2011,11
"DNK.Medium-Low Tech",2012,21
"DNK.Medium-Low Tech",2013,9
"DNK.Medium-Low Tech",2014,1
"DOM.High Tech",2005,2
"DOM.High Tech",2008,2
"DOM.Low Tech",2008,1
"DOM.Medium-High Tech",2007,2
"DZA.High Tech",2007,1
"DZA.High Tech",2010,1
"DZA.Low Tech",2008,1
"DZA.Medium-High Tech",2001,1
"DZA.Medium-High Tech",2003,3
"DZA.Medium-High Tech",2004,2
"DZA.Medium-High Tech",2010,1
"DZA.Medium-Low Tech",2001,1
"DZA.Medium-Low Tech",2004,1
"ECU.High Tech",2006,1
"ECU.High Tech",2009,1
"ECU.Low Tech",2004,1
"ECU.Low Tech",2006,1
"ECU.Low Tech",2010,1
"ECU.Low Tech",2011,1
"ECU.Medium-High Tech",2005,1
"ECU.Medium-High Tech",2007,2
"ECU.Medium-High Tech",2008,1
"ECU.Medium-High Tech",2010,2
"ECU.Medium-High Tech",2012,2
"ECU.Medium-High Tech",2013,1
"ECU.Medium-Low Tech",2006,1
"ECU.Medium-Low Tech",2007,1
"EGY.High Tech",2002,2
"EGY.High Tech",2003,2
"EGY.High Tech",2004,5
"EGY.High Tech",2005,8
"EGY.High Tech",2006,7
"EGY.High Tech",2007,6
"EGY.High Tech",2008,4
"EGY.High Tech",2009,4
"EGY.High Tech",2010,6
"EGY.High Tech",2011,10
"EGY.High Tech",2012,16
"EGY.High Tech",2013,14
"EGY.Low Tech",2002,2
"EGY.Low Tech",2003,3
"EGY.Low Tech",2004,4
"EGY.Low Tech",2005,1
"EGY.Low Tech",2006,2
"EGY.Low Tech",2007,4
"EGY.Low Tech",2008,9
"EGY.Low Tech",2009,3
"EGY.Low Tech",2010,3
"EGY.Low Tech",2011,4
"EGY.Low Tech",2012,6
"EGY.Low Tech",2013,5
"EGY.Medium-High Tech",2001,1
"EGY.Medium-High Tech",2003,5
"EGY.Medium-High Tech",2004,8
"EGY.Medium-High Tech",2005,10
"EGY.Medium-High Tech",2006,19
"EGY.Medium-High Tech",2007,7
"EGY.Medium-High Tech",2008,12
"EGY.Medium-High Tech",2009,6
"EGY.Medium-High Tech",2010,12
"EGY.Medium-High Tech",2011,5
"EGY.Medium-High Tech",2012,14
"EGY.Medium-High Tech",2013,19
"EGY.Medium-High Tech",2014,1
"EGY.Medium-Low Tech",2005,2
"EGY.Medium-Low Tech",2007,1
"EGY.Medium-Low Tech",2008,1
"EGY.Medium-Low Tech",2009,1
"EGY.Medium-Low Tech",2012,2
"ERI.Medium-High Tech",2013,2
"ESP.High Tech",2000,22
"ESP.High Tech",2001,55
"ESP.High Tech",2002,67
"ESP.High Tech",2003,47
"ESP.High Tech",2004,48
"ESP.High Tech",2005,62
"ESP.High Tech",2006,109
"ESP.High Tech",2007,126
"ESP.High Tech",2008,92
"ESP.High Tech",2009,135
"ESP.High Tech",2010,152
"ESP.High Tech",2011,184
"ESP.High Tech",2012,130
"ESP.High Tech",2013,181
"ESP.High Tech",2014,5
"ESP.Low Tech",2000,31
"ESP.Low Tech",2001,45
"ESP.Low Tech",2002,68
"ESP.Low Tech",2003,50
"ESP.Low Tech",2004,60
"ESP.Low Tech",2005,77
"ESP.Low Tech",2006,62
"ESP.Low Tech",2007,77
"ESP.Low Tech",2008,79
"ESP.Low Tech",2009,57
"ESP.Low Tech",2010,95
"ESP.Low Tech",2011,66
"ESP.Low Tech",2012,49
"ESP.Low Tech",2013,98
"ESP.Medium-High Tech",2000,85
"ESP.Medium-High Tech",2001,116
"ESP.Medium-High Tech",2002,142
"ESP.Medium-High Tech",2003,108
"ESP.Medium-High Tech",2004,90
"ESP.Medium-High Tech",2005,123
"ESP.Medium-High Tech",2006,129
"ESP.Medium-High Tech",2007,123
"ESP.Medium-High Tech",2008,149
"ESP.Medium-High Tech",2009,159
"ESP.Medium-High Tech",2010,208
"ESP.Medium-High Tech",2011,205
"ESP.Medium-High Tech",2012,225
"ESP.Medium-High Tech",2013,224
"ESP.Medium-High Tech",2014,4
"ESP.Medium-Low Tech",2000,35
"ESP.Medium-Low Tech",2001,44
"ESP.Medium-Low Tech",2002,53
"ESP.Medium-Low Tech",2003,44
"ESP.Medium-Low Tech",2004,44
"ESP.Medium-Low Tech",2005,81
"ESP.Medium-Low Tech",2006,47
"ESP.Medium-Low Tech",2007,67
"ESP.Medium-Low Tech",2008,51
"ESP.Medium-Low Tech",2009,40
"ESP.Medium-Low Tech",2010,72
"ESP.Medium-Low Tech",2011,76
"ESP.Medium-Low Tech",2012,32
"ESP.Medium-Low Tech",2013,64
"ESP.Medium-Low Tech",2014,3
"EST.High Tech",2000,1
"EST.High Tech",2001,2
"EST.High Tech",2004,2
"EST.High Tech",2005,3
"EST.High Tech",2006,1
"EST.High Tech",2007,6
"EST.High Tech",2008,2
"EST.High Tech",2009,1
"EST.High Tech",2010,3
"EST.High Tech",2011,1
"EST.High Tech",2012,1
"EST.High Tech",2013,1
"EST.High Tech",2014,1
"EST.Low Tech",2004,2
"EST.Low Tech",2005,1
"EST.Low Tech",2006,1
"EST.Low Tech",2009,1
"EST.Low Tech",2010,2
"EST.Medium-High Tech",2000,1
"EST.Medium-High Tech",2003,1
"EST.Medium-High Tech",2004,1
"EST.Medium-High Tech",2007,10
"EST.Medium-High Tech",2009,1
"EST.Medium-High Tech",2010,5
"EST.Medium-High Tech",2011,4
"EST.Medium-High Tech",2014,2
"EST.Medium-Low Tech",2007,1
"EST.Medium-Low Tech",2012,1
"ETH.High Tech",2013,1
"ETH.Medium-High Tech",2010,1
"FIN.High Tech",2000,184
"FIN.High Tech",2001,301
"FIN.High Tech",2002,315
"FIN.High Tech",2003,168
"FIN.High Tech",2004,141
"FIN.High Tech",2005,190
"FIN.High Tech",2006,238
"FIN.High Tech",2007,207
"FIN.High Tech",2008,317
"FIN.High Tech",2009,372
"FIN.High Tech",2010,480
"FIN.High Tech",2011,519
"FIN.High Tech",2012,724
"FIN.High Tech",2013,531
"FIN.High Tech",2014,47
"FIN.Low Tech",2000,12
"FIN.Low Tech",2001,7
"FIN.Low Tech",2002,10
"FIN.Low Tech",2003,15
"FIN.Low Tech",2004,8
"FIN.Low Tech",2005,7
"FIN.Low Tech",2006,19
"FIN.Low Tech",2007,24
"FIN.Low Tech",2008,15
"FIN.Low Tech",2009,28
"FIN.Low Tech",2010,22
"FIN.Low Tech",2011,19
"FIN.Low Tech",2012,39
"FIN.Low Tech",2013,60
"FIN.Low Tech",2014,1
"FIN.Medium-High Tech",2000,30
"FIN.Medium-High Tech",2001,34
"FIN.Medium-High Tech",2002,39
"FIN.Medium-High Tech",2003,30
"FIN.Medium-High Tech",2004,29
"FIN.Medium-High Tech",2005,31
"FIN.Medium-High Tech",2006,70
"FIN.Medium-High Tech",2007,86
"FIN.Medium-High Tech",2008,76
"FIN.Medium-High Tech",2009,90
"FIN.Medium-High Tech",2010,132
"FIN.Medium-High Tech",2011,130
"FIN.Medium-High Tech",2012,188
"FIN.Medium-High Tech",2013,198
"FIN.Medium-High Tech",2014,23
"FIN.Medium-Low Tech",2000,2
"FIN.Medium-Low Tech",2001,7
"FIN.Medium-Low Tech",2002,3
"FIN.Medium-Low Tech",2003,11
"FIN.Medium-Low Tech",2004,7
"FIN.Medium-Low Tech",2005,6
"FIN.Medium-Low Tech",2006,6
"FIN.Medium-Low Tech",2007,9
"FIN.Medium-Low Tech",2008,3
"FIN.Medium-Low Tech",2009,12
"FIN.Medium-Low Tech",2010,18
"FIN.Medium-Low Tech",2011,21
"FIN.Medium-Low Tech",2012,27
"FIN.Medium-Low Tech",2013,44
"FIN.Medium-Low Tech",2014,2
"FRA.High Tech",2000,81
"FRA.High Tech",2001,136
"FRA.High Tech",2002,119
"FRA.High Tech",2003,127
"FRA.High Tech",2004,131
"FRA.High Tech",2005,175
"FRA.High Tech",2006,208
"FRA.High Tech",2007,188
"FRA.High Tech",2008,178
"FRA.High Tech",2009,179
"FRA.High Tech",2010,178
"FRA.High Tech",2011,198
"FRA.High Tech",2012,216
"FRA.High Tech",2013,208
"FRA.High Tech",2014,7
"FRA.Low Tech",2000,56
"FRA.Low Tech",2001,49
"FRA.Low Tech",2002,49
"FRA.Low Tech",2003,89
"FRA.Low Tech",2004,64
"FRA.Low Tech",2005,94
"FRA.Low Tech",2006,77
"FRA.Low Tech",2007,82
"FRA.Low Tech",2008,83
"FRA.Low Tech",2009,62
"FRA.Low Tech",2010,104
"FRA.Low Tech",2011,108
"FRA.Low Tech",2012,95
"FRA.Low Tech",2013,113
"FRA.Low Tech",2014,8
"FRA.Medium-High Tech",2000,114
"FRA.Medium-High Tech",2001,96
"FRA.Medium-High Tech",2002,146
"FRA.Medium-High Tech",2003,180
"FRA.Medium-High Tech",2004,137
"FRA.Medium-High Tech",2005,259
"FRA.Medium-High Tech",2006,278
"FRA.Medium-High Tech",2007,265
"FRA.Medium-High Tech",2008,305
"FRA.Medium-High Tech",2009,296
"FRA.Medium-High Tech",2010,279
"FRA.Medium-High Tech",2011,295
"FRA.Medium-High Tech",2012,295
"FRA.Medium-High Tech",2013,279
"FRA.Medium-High Tech",2014,14
"FRA.Medium-Low Tech",2000,35
"FRA.Medium-Low Tech",2001,30
"FRA.Medium-Low Tech",2002,24
"FRA.Medium-Low Tech",2003,41
"FRA.Medium-Low Tech",2004,35
"FRA.Medium-Low Tech",2005,61
"FRA.Medium-Low Tech",2006,51
"FRA.Medium-Low Tech",2007,39
"FRA.Medium-Low Tech",2008,47
"FRA.Medium-Low Tech",2009,59
"FRA.Medium-Low Tech",2010,75
"FRA.Medium-Low Tech",2011,97
"FRA.Medium-Low Tech",2012,85
"FRA.Medium-Low Tech",2013,108
"FRA.Medium-Low Tech",2014,4
"GAB.High Tech",2007,1
"GAB.Low Tech",2011,1
"GAB.Medium-High Tech",2011,1
"GBR.High Tech",2000,152
"GBR.High Tech",2001,118
"GBR.High Tech",2002,98
"GBR.High Tech",2003,78
"GBR.High Tech",2004,88
"GBR.High Tech",2005,106
"GBR.High Tech",2006,150
"GBR.High Tech",2007,143
"GBR.High Tech",2008,170
"GBR.High Tech",2009,202
"GBR.High Tech",2010,235
"GBR.High Tech",2011,226
"GBR.High Tech",2012,212
"GBR.High Tech",2013,279
"GBR.High Tech",2014,10
"GBR.Low Tech",2000,35
"GBR.Low Tech",2001,40
"GBR.Low Tech",2002,33
"GBR.Low Tech",2003,39
"GBR.Low Tech",2004,43
"GBR.Low Tech",2005,50
"GBR.Low Tech",2006,67
"GBR.Low Tech",2007,63
"GBR.Low Tech",2008,39
"GBR.Low Tech",2009,39
"GBR.Low Tech",2010,48
"GBR.Low Tech",2011,58
"GBR.Low Tech",2012,55
"GBR.Low Tech",2013,52
"GBR.Medium-High Tech",2000,105
"GBR.Medium-High Tech",2001,76
"GBR.Medium-High Tech",2002,88
"GBR.Medium-High Tech",2003,82
"GBR.Medium-High Tech",2004,64
"GBR.Medium-High Tech",2005,66
"GBR.Medium-High Tech",2006,80
"GBR.Medium-High Tech",2007,139
"GBR.Medium-High Tech",2008,127
"GBR.Medium-High Tech",2009,159
"GBR.Medium-High Tech",2010,140
"GBR.Medium-High Tech",2011,189
"GBR.Medium-High Tech",2012,170
"GBR.Medium-High Tech",2013,191
"GBR.Medium-High Tech",2014,4
"GBR.Medium-Low Tech",2000,28
"GBR.Medium-Low Tech",2001,13
"GBR.Medium-Low Tech",2002,20
"GBR.Medium-Low Tech",2003,10
"GBR.Medium-Low Tech",2004,22
"GBR.Medium-Low Tech",2005,25
"GBR.Medium-Low Tech",2006,44
"GBR.Medium-Low Tech",2007,28
"GBR.Medium-Low Tech",2008,17
"GBR.Medium-Low Tech",2009,21
"GBR.Medium-Low Tech",2010,21
"GBR.Medium-Low Tech",2011,39
"GBR.Medium-Low Tech",2012,35
"GBR.Medium-Low Tech",2013,34
"GEO.High Tech",2000,1
"GEO.High Tech",2004,1
"GEO.High Tech",2007,2
"GEO.High Tech",2008,1
"GEO.High Tech",2012,1
"GEO.High Tech",2013,1
"GEO.Low Tech",2000,3
"GEO.Low Tech",2001,1
"GEO.Low Tech",2002,1
"GEO.Low Tech",2005,1
"GEO.Low Tech",2007,2
"GEO.Low Tech",2011,3
"GEO.Low Tech",2013,1
"GEO.Medium-High Tech",2000,1
"GEO.Medium-High Tech",2002,3
"GEO.Medium-High Tech",2006,2
"GEO.Medium-High Tech",2013,3
"GEO.Medium-Low Tech",2002,1
"GEO.Medium-Low Tech",2006,1
"GEO.Medium-Low Tech",2008,1
"GEO.Medium-Low Tech",2011,1
"GEO.Medium-Low Tech",2012,1
"GEO.Medium-Low Tech",2013,1
"GHA.Medium-High Tech",2011,5
"GHA.Medium-Low Tech",2011,1
"GRC.High Tech",2000,2
"GRC.High Tech",2001,7
"GRC.High Tech",2002,4
"GRC.High Tech",2003,2
"GRC.High Tech",2004,2
"GRC.High Tech",2005,6
"GRC.High Tech",2006,2
"GRC.High Tech",2007,3
"GRC.High Tech",2008,5
"GRC.High Tech",2009,13
"GRC.High Tech",2010,8
"GRC.High Tech",2011,7
"GRC.High Tech",2012,16
"GRC.High Tech",2013,12
"GRC.Low Tech",2000,2
"GRC.Low Tech",2003,1
"GRC.Low Tech",2004,4
"GRC.Low Tech",2005,4
"GRC.Low Tech",2006,1
"GRC.Low Tech",2007,2
"GRC.Low Tech",2008,9
"GRC.Low Tech",2010,1
"GRC.Low Tech",2011,2
"GRC.Low Tech",2012,6
"GRC.Low Tech",2013,2
"GRC.Medium-High Tech",2001,1
"GRC.Medium-High Tech",2002,5
"GRC.Medium-High Tech",2003,3
"GRC.Medium-High Tech",2004,12
"GRC.Medium-High Tech",2005,13
"GRC.Medium-High Tech",2006,9
"GRC.Medium-High Tech",2007,7
"GRC.Medium-High Tech",2008,14
"GRC.Medium-High Tech",2009,19
"GRC.Medium-High Tech",2010,3
"GRC.Medium-High Tech",2011,4
"GRC.Medium-High Tech",2012,14
"GRC.Medium-High Tech",2013,16
"GRC.Medium-Low Tech",2002,1
"GRC.Medium-Low Tech",2003,1
"GRC.Medium-Low Tech",2004,7
"GRC.Medium-Low Tech",2006,1
"GRC.Medium-Low Tech",2007,2
"GRC.Medium-Low Tech",2008,7
"GRC.Medium-Low Tech",2009,2
"GRC.Medium-Low Tech",2010,1
"GRC.Medium-Low Tech",2012,3
"GRC.Medium-Low Tech",2013,2
"GRD.High Tech",2008,1
"GTM.High Tech",2009,1
"GTM.Low Tech",2008,6
"GTM.Medium-High Tech",2007,1
"GTM.Medium-High Tech",2008,1
"GTM.Medium-High Tech",2009,1
"GTM.Medium-High Tech",2010,1
"HRV.High Tech",2001,3
"HRV.High Tech",2002,1
"HRV.High Tech",2003,2
"HRV.High Tech",2006,2
"HRV.High Tech",2007,5
"HRV.High Tech",2008,10
"HRV.High Tech",2009,2
"HRV.High Tech",2010,8
"HRV.High Tech",2011,11
"HRV.High Tech",2012,2
"HRV.High Tech",2013,7
"HRV.High Tech",2014,1
"HRV.Low Tech",2000,1
"HRV.Low Tech",2001,2
"HRV.Low Tech",2002,3
"HRV.Low Tech",2004,2
"HRV.Low Tech",2005,4
"HRV.Low Tech",2007,3
"HRV.Low Tech",2008,1
"HRV.Low Tech",2009,1
"HRV.Low Tech",2010,3
"HRV.Low Tech",2011,4
"HRV.Low Tech",2012,3
"HRV.Low Tech",2013,5
"HRV.Medium-High Tech",2000,3
"HRV.Medium-High Tech",2001,2
"HRV.Medium-High Tech",2002,7
"HRV.Medium-High Tech",2003,9
"HRV.Medium-High Tech",2004,3
"HRV.Medium-High Tech",2005,1
"HRV.Medium-High Tech",2006,2
"HRV.Medium-High Tech",2007,2
"HRV.Medium-High Tech",2008,7
"HRV.Medium-High Tech",2009,2
"HRV.Medium-High Tech",2010,13
"HRV.Medium-High Tech",2011,16
"HRV.Medium-High Tech",2012,2
"HRV.Medium-High Tech",2013,1
"HRV.Medium-Low Tech",2000,1
"HRV.Medium-Low Tech",2001,1
"HRV.Medium-Low Tech",2003,1
"HRV.Medium-Low Tech",2004,1
"HRV.Medium-Low Tech",2005,3
"HRV.Medium-Low Tech",2010,1
"HRV.Medium-Low Tech",2011,1
"HRV.Medium-Low Tech",2012,2
"HRV.Medium-Low Tech",2013,3
"HUN.High Tech",2000,15
"HUN.High Tech",2001,15
"HUN.High Tech",2002,14
"HUN.High Tech",2003,13
"HUN.High Tech",2004,10
"HUN.High Tech",2005,16
"HUN.High Tech",2006,35
"HUN.High Tech",2007,37
"HUN.High Tech",2008,44
"HUN.High Tech",2009,58
"HUN.High Tech",2010,63
"HUN.High Tech",2011,73
"HUN.High Tech",2012,68
"HUN.High Tech",2013,67
"HUN.High Tech",2014,3
"HUN.Low Tech",2000,6
"HUN.Low Tech",2002,6
"HUN.Low Tech",2003,3
"HUN.Low Tech",2004,3
"HUN.Low Tech",2005,7
"HUN.Low Tech",2007,9
"HUN.Low Tech",2008,4
"HUN.Low Tech",2009,7
"HUN.Low Tech",2010,8
"HUN.Low Tech",2011,11
"HUN.Low Tech",2012,8
"HUN.Low Tech",2013,8
"HUN.Medium-High Tech",2000,5
"HUN.Medium-High Tech",2001,7
"HUN.Medium-High Tech",2002,8
"HUN.Medium-High Tech",2003,1
"HUN.Medium-High Tech",2004,2
"HUN.Medium-High Tech",2005,6
"HUN.Medium-High Tech",2006,4
"HUN.Medium-High Tech",2007,5
"HUN.Medium-High Tech",2008,7
"HUN.Medium-High Tech",2009,8
"HUN.Medium-High Tech",2010,8
"HUN.Medium-High Tech",2011,15
"HUN.Medium-High Tech",2012,7
"HUN.Medium-High Tech",2013,7
"HUN.Medium-High Tech",2014,1
"HUN.Medium-Low Tech",2001,1
"HUN.Medium-Low Tech",2002,2
"HUN.Medium-Low Tech",2004,3
"HUN.Medium-Low Tech",2005,7
"HUN.Medium-Low Tech",2006,5
"HUN.Medium-Low Tech",2007,5
"HUN.Medium-Low Tech",2008,2
"HUN.Medium-Low Tech",2009,6
"HUN.Medium-Low Tech",2010,7
"HUN.Medium-Low Tech",2011,6
"HUN.Medium-Low Tech",2012,8
"HUN.Medium-Low Tech",2013,4
"IDN.High Tech",2001,1
"IDN.High Tech",2009,1
"IDN.High Tech",2012,4
"IDN.High Tech",2013,1
"IDN.Low Tech",2002,4
"IDN.Low Tech",2004,6
"IDN.Low Tech",2006,4
"IDN.Low Tech",2007,2
"IDN.Low Tech",2008,5
"IDN.Low Tech",2010,3
"IDN.Low Tech",2011,1
"IDN.Medium-High Tech",2000,7
"IDN.Medium-High Tech",2001,3
"IDN.Medium-High Tech",2002,5
"IDN.Medium-High Tech",2004,4
"IDN.Medium-High Tech",2005,1
"IDN.Medium-High Tech",2006,2
"IDN.Medium-High Tech",2007,1
"IDN.Medium-High Tech",2008,6
"IDN.Medium-High Tech",2009,4
"IDN.Medium-High Tech",2012,4
"IDN.Medium-High Tech",2013,4
"IDN.Medium-Low Tech",2000,2
"IDN.Medium-Low Tech",2002,1
"IDN.Medium-Low Tech",2006,4
"IDN.Medium-Low Tech",2008,3
"IDN.Medium-Low Tech",2010,3
"IND.High Tech",2000,61
"IND.High Tech",2001,93
"IND.High Tech",2002,166
"IND.High Tech",2003,227
"IND.High Tech",2004,101
"IND.High Tech",2005,100
"IND.High Tech",2006,63
"IND.High Tech",2007,70
"IND.High Tech",2008,114
"IND.High Tech",2009,87
"IND.High Tech",2010,114
"IND.High Tech",2011,108
"IND.High Tech",2012,136
"IND.High Tech",2013,206
"IND.High Tech",2014,8
"IND.Low Tech",2000,11
"IND.Low Tech",2001,18
"IND.Low Tech",2002,33
"IND.Low Tech",2003,41
"IND.Low Tech",2004,16
"IND.Low Tech",2005,9
"IND.Low Tech",2006,13
"IND.Low Tech",2007,4
"IND.Low Tech",2008,13
"IND.Low Tech",2009,11
"IND.Low Tech",2010,13
"IND.Low Tech",2011,9
"IND.Low Tech",2012,4
"IND.Low Tech",2013,20
"IND.Medium-High Tech",2000,49
"IND.Medium-High Tech",2001,81
"IND.Medium-High Tech",2002,133
"IND.Medium-High Tech",2003,118
"IND.Medium-High Tech",2004,80
"IND.Medium-High Tech",2005,40
"IND.Medium-High Tech",2006,49
"IND.Medium-High Tech",2007,36
"IND.Medium-High Tech",2008,44
"IND.Medium-High Tech",2009,49
"IND.Medium-High Tech",2010,98
"IND.Medium-High Tech",2011,81
"IND.Medium-High Tech",2012,68
"IND.Medium-High Tech",2013,129
"IND.Medium-High Tech",2014,3
"IND.Medium-Low Tech",2000,6
"IND.Medium-Low Tech",2001,9
"IND.Medium-Low Tech",2002,15
"IND.Medium-Low Tech",2003,16
"IND.Medium-Low Tech",2004,10
"IND.Medium-Low Tech",2005,3
"IND.Medium-Low Tech",2006,1
"IND.Medium-Low Tech",2007,3
"IND.Medium-Low Tech",2008,4
"IND.Medium-Low Tech",2009,5
"IND.Medium-Low Tech",2010,11
"IND.Medium-Low Tech",2011,5
"IND.Medium-Low Tech",2012,3
"IND.Medium-Low Tech",2013,15
"IRL.High Tech",2000,9
"IRL.High Tech",2001,29
"IRL.High Tech",2002,21
"IRL.High Tech",2003,11
"IRL.High Tech",2004,21
"IRL.High Tech",2005,12
"IRL.High Tech",2006,13
"IRL.High Tech",2007,43
"IRL.High Tech",2008,66
"IRL.High Tech",2009,21
"IRL.High Tech",2010,37
"IRL.High Tech",2011,38
"IRL.High Tech",2012,18
"IRL.High Tech",2013,29
"IRL.Low Tech",2000,3
"IRL.Low Tech",2002,2
"IRL.Low Tech",2003,13
"IRL.Low Tech",2004,4
"IRL.Low Tech",2005,4
"IRL.Low Tech",2006,3
"IRL.Low Tech",2008,5
"IRL.Low Tech",2009,11
"IRL.Low Tech",2010,2
"IRL.Low Tech",2011,9
"IRL.Low Tech",2012,8
"IRL.Low Tech",2013,13
"IRL.Medium-High Tech",2000,7
"IRL.Medium-High Tech",2001,7
"IRL.Medium-High Tech",2002,11
"IRL.Medium-High Tech",2003,3
"IRL.Medium-High Tech",2004,7
"IRL.Medium-High Tech",2005,14
"IRL.Medium-High Tech",2006,13
"IRL.Medium-High Tech",2007,8
"IRL.Medium-High Tech",2008,9
"IRL.Medium-High Tech",2009,12
"IRL.Medium-High Tech",2010,15
"IRL.Medium-High Tech",2011,11
"IRL.Medium-High Tech",2012,27
"IRL.Medium-High Tech",2013,15
"IRL.Medium-High Tech",2014,3
"IRL.Medium-Low Tech",2000,2
"IRL.Medium-Low Tech",2002,2
"IRL.Medium-Low Tech",2003,4
"IRL.Medium-Low Tech",2004,2
"IRL.Medium-Low Tech",2005,3
"IRL.Medium-Low Tech",2006,1
"IRL.Medium-Low Tech",2008,4
"IRL.Medium-Low Tech",2009,9
"IRL.Medium-Low Tech",2010,2
"IRL.Medium-Low Tech",2011,2
"IRL.Medium-Low Tech",2012,4
"IRL.Medium-Low Tech",2013,5
"IRN.High Tech",2003,1
"IRN.High Tech",2006,2
"IRN.High Tech",2007,1
"IRN.High Tech",2009,7
"IRN.High Tech",2010,2
"IRN.High Tech",2011,1
"IRN.High Tech",2014,1
"IRN.Low Tech",2005,3
"IRN.Low Tech",2006,1
"IRN.Low Tech",2007,1
"IRN.Low Tech",2009,1
"IRN.Low Tech",2010,1
"IRN.Low Tech",2011,1
"IRN.Low Tech",2012,1
"IRN.Medium-High Tech",2003,1
"IRN.Medium-High Tech",2005,1
"IRN.Medium-High Tech",2006,1
"IRN.Medium-High Tech",2007,1
"IRN.Medium-High Tech",2008,2
"IRN.Medium-High Tech",2009,2
"IRN.Medium-High Tech",2011,3
"IRN.Medium-High Tech",2012,1
"IRN.Medium-High Tech",2014,4
"IRN.Medium-Low Tech",2003,1
"IRN.Medium-Low Tech",2005,4
"IRN.Medium-Low Tech",2011,2
"ISL.High Tech",2000,10
"ISL.High Tech",2001,23
"ISL.High Tech",2002,5
"ISL.High Tech",2003,8
"ISL.High Tech",2004,4
"ISL.High Tech",2005,2
"ISL.Low Tech",2000,1
"ISL.Low Tech",2008,1
"ISL.Medium-High Tech",2001,2
"ISL.Medium-High Tech",2003,1
"ISL.Medium-High Tech",2006,1
"ISL.Medium-High Tech",2007,4
"ISL.Medium-High Tech",2008,1
"ISL.Medium-High Tech",2011,1
"ISL.Medium-High Tech",2012,1
"ISL.Medium-Low Tech",2011,1
"ISR.High Tech",2000,109
"ISR.High Tech",2001,126
"ISR.High Tech",2002,95
"ISR.High Tech",2003,92
"ISR.High Tech",2004,63
"ISR.High Tech",2005,98
"ISR.High Tech",2006,123
"ISR.High Tech",2007,87
"ISR.High Tech",2008,83
"ISR.High Tech",2009,73
"ISR.High Tech",2010,76
"ISR.High Tech",2011,249
"ISR.High Tech",2012,185
"ISR.High Tech",2013,243
"ISR.High Tech",2014,11
"ISR.Low Tech",2000,32
"ISR.Low Tech",2001,40
"ISR.Low Tech",2002,50
"ISR.Low Tech",2003,50
"ISR.Low Tech",2004,21
"ISR.Low Tech",2005,42
"ISR.Low Tech",2006,31
"ISR.Low Tech",2007,38
"ISR.Low Tech",2008,25
"ISR.Low Tech",2009,14
"ISR.Low Tech",2010,14
"ISR.Low Tech",2011,13
"ISR.Low Tech",2012,21
"ISR.Low Tech",2013,15
"ISR.Medium-High Tech",2000,44
"ISR.Medium-High Tech",2001,68
"ISR.Medium-High Tech",2002,50
"ISR.Medium-High Tech",2003,47
"ISR.Medium-High Tech",2004,35
"ISR.Medium-High Tech",2005,57
"ISR.Medium-High Tech",2006,47
"ISR.Medium-High Tech",2007,61
"ISR.Medium-High Tech",2008,48
"ISR.Medium-High Tech",2009,26
"ISR.Medium-High Tech",2010,44
"ISR.Medium-High Tech",2011,90
"ISR.Medium-High Tech",2012,78
"ISR.Medium-High Tech",2013,67
"ISR.Medium-High Tech",2014,8
"ISR.Medium-Low Tech",2000,9
"ISR.Medium-Low Tech",2001,5
"ISR.Medium-Low Tech",2002,11
"ISR.Medium-Low Tech",2003,6
"ISR.Medium-Low Tech",2004,8
"ISR.Medium-Low Tech",2005,20
"ISR.Medium-Low Tech",2006,7
"ISR.Medium-Low Tech",2007,16
"ISR.Medium-Low Tech",2008,14
"ISR.Medium-Low Tech",2009,8
"ISR.Medium-Low Tech",2010,6
"ISR.Medium-Low Tech",2011,11
"ISR.Medium-Low Tech",2012,2
"ISR.Medium-Low Tech",2013,12
"ITA.High Tech",2000,70
"ITA.High Tech",2001,83
"ITA.High Tech",2002,163
"ITA.High Tech",2003,202
"ITA.High Tech",2004,198
"ITA.High Tech",2005,241
"ITA.High Tech",2006,253
"ITA.High Tech",2007,212
"ITA.High Tech",2008,278
"ITA.High Tech",2009,209
"ITA.High Tech",2010,150
"ITA.High Tech",2011,183
"ITA.High Tech",2012,170
"ITA.High Tech",2013,184
"ITA.High Tech",2014,7
"ITA.Low Tech",2000,68
"ITA.Low Tech",2001,42
"ITA.Low Tech",2002,102
"ITA.Low Tech",2003,93
"ITA.Low Tech",2004,95
"ITA.Low Tech",2005,135
"ITA.Low Tech",2006,163
"ITA.Low Tech",2007,179
"ITA.Low Tech",2008,166
"ITA.Low Tech",2009,168
"ITA.Low Tech",2010,134
"ITA.Low Tech",2011,118
"ITA.Low Tech",2012,81
"ITA.Low Tech",2013,90
"ITA.Low Tech",2014,6
"ITA.Medium-High Tech",2000,110
"ITA.Medium-High Tech",2001,153
"ITA.Medium-High Tech",2002,273
"ITA.Medium-High Tech",2003,264
"ITA.Medium-High Tech",2004,252
"ITA.Medium-High Tech",2005,314
"ITA.Medium-High Tech",2006,380
"ITA.Medium-High Tech",2007,405
"ITA.Medium-High Tech",2008,329
"ITA.Medium-High Tech",2009,320
"ITA.Medium-High Tech",2010,271
"ITA.Medium-High Tech",2011,244
"ITA.Medium-High Tech",2012,229
"ITA.Medium-High Tech",2013,270
"ITA.Medium-High Tech",2014,26
"ITA.Medium-Low Tech",2000,39
"ITA.Medium-Low Tech",2001,58
"ITA.Medium-Low Tech",2002,147
"ITA.Medium-Low Tech",2003,114
"ITA.Medium-Low Tech",2004,95
"ITA.Medium-Low Tech",2005,111
"ITA.Medium-Low Tech",2006,147
"ITA.Medium-Low Tech",2007,175
"ITA.Medium-Low Tech",2008,177
"ITA.Medium-Low Tech",2009,104
"ITA.Medium-Low Tech",2010,77
"ITA.Medium-Low Tech",2011,82
"ITA.Medium-Low Tech",2012,60
"ITA.Medium-Low Tech",2013,84
"ITA.Medium-Low Tech",2014,4
"JAM.High Tech",2002,1
"JAM.Medium-High Tech",2009,1
"JAM.Medium-Low Tech",2009,1
"JOR.High Tech",2007,1
"JOR.High Tech",2010,2
"JOR.Low Tech",2013,1
"JOR.Medium-High Tech",2001,1
"JOR.Medium-High Tech",2011,1
"JPN.High Tech",2000,1021
"JPN.High Tech",2001,960
"JPN.High Tech",2002,1325
"JPN.High Tech",2003,1927
"JPN.High Tech",2004,1000
"JPN.High Tech",2005,1623
"JPN.High Tech",2006,1959
"JPN.High Tech",2007,2705
"JPN.High Tech",2008,1816
"JPN.High Tech",2009,2347
"JPN.High Tech",2010,2303
"JPN.High Tech",2011,2887
"JPN.High Tech",2012,3484
"JPN.High Tech",2013,3558
"JPN.High Tech",2014,172
"JPN.High Tech",2015,1
"JPN.Low Tech",2000,200
"JPN.Low Tech",2001,185
"JPN.Low Tech",2002,289
"JPN.Low Tech",2003,275
"JPN.Low Tech",2004,234
"JPN.Low Tech",2005,350
"JPN.Low Tech",2006,376
"JPN.Low Tech",2007,403
"JPN.Low Tech",2008,404
"JPN.Low Tech",2009,446
"JPN.Low Tech",2010,460
"JPN.Low Tech",2011,489
"JPN.Low Tech",2012,899
"JPN.Low Tech",2013,979
"JPN.Low Tech",2014,30
"JPN.Medium-High Tech",2000,901
"JPN.Medium-High Tech",2001,855
"JPN.Medium-High Tech",2002,928
"JPN.Medium-High Tech",2003,1196
"JPN.Medium-High Tech",2004,837
"JPN.Medium-High Tech",2005,1317
"JPN.Medium-High Tech",2006,1517
"JPN.Medium-High Tech",2007,1922
"JPN.Medium-High Tech",2008,2104
"JPN.Medium-High Tech",2009,3282
"JPN.Medium-High Tech",2010,3700
"JPN.Medium-High Tech",2011,4767
"JPN.Medium-High Tech",2012,4469
"JPN.Medium-High Tech",2013,4260
"JPN.Medium-High Tech",2014,273
"JPN.Medium-High Tech",2015,2
"JPN.Medium-Low Tech",2000,148
"JPN.Medium-Low Tech",2001,151
"JPN.Medium-Low Tech",2002,208
"JPN.Medium-Low Tech",2003,244
"JPN.Medium-Low Tech",2004,154
"JPN.Medium-Low Tech",2005,252
"JPN.Medium-Low Tech",2006,319
"JPN.Medium-Low Tech",2007,335
"JPN.Medium-Low Tech",2008,226
"JPN.Medium-Low Tech",2009,370
"JPN.Medium-Low Tech",2010,415
"JPN.Medium-Low Tech",2011,462
"JPN.Medium-Low Tech",2012,650
"JPN.Medium-Low Tech",2013,644
"JPN.Medium-Low Tech",2014,27
"KAZ.High Tech",2009,1
"KAZ.High Tech",2011,1
"KAZ.High Tech",2013,1
"KAZ.Low Tech",2006,1
"KAZ.Low Tech",2009,3
"KAZ.Low Tech",2010,1
"KAZ.Low Tech",2013,1
"KAZ.Medium-High Tech",2000,1
"KAZ.Medium-High Tech",2002,1
"KAZ.Medium-High Tech",2006,1
"KAZ.Medium-High Tech",2007,1
"KAZ.Medium-High Tech",2009,3
"KAZ.Medium-High Tech",2010,3
"KAZ.Medium-High Tech",2011,1
"KAZ.Medium-High Tech",2012,2
"KAZ.Medium-High Tech",2013,5
"KAZ.Medium-Low Tech",2009,1
"KAZ.Medium-Low Tech",2012,1
"KEN.High Tech",2003,1
"KEN.High Tech",2006,1
"KEN.Low Tech",2004,3
"KEN.Low Tech",2011,1
"KEN.Low Tech",2013,1
"KEN.Medium-High Tech",2004,2
"KEN.Medium-High Tech",2006,1
"KEN.Medium-High Tech",2009,1
"KEN.Medium-High Tech",2011,2
"KGZ.Low Tech",2007,1
"KGZ.Low Tech",2012,2
"KGZ.Medium-High Tech",2003,2
"KGZ.Medium-High Tech",2004,1
"KGZ.Medium-High Tech",2010,2
"KGZ.Medium-High Tech",2013,2
"KOR.High Tech",2000,77
"KOR.High Tech",2001,119
"KOR.High Tech",2002,138
"KOR.High Tech",2003,108
"KOR.High Tech",2004,68
"KOR.High Tech",2005,133
"KOR.High Tech",2006,117
"KOR.High Tech",2007,153
"KOR.High Tech",2008,165
"KOR.High Tech",2009,256
"KOR.High Tech",2010,325
"KOR.High Tech",2011,373
"KOR.High Tech",2012,317
"KOR.High Tech",2013,316
"KOR.High Tech",2014,25
"KOR.Low Tech",2000,34
"KOR.Low Tech",2001,46
"KOR.Low Tech",2002,52
"KOR.Low Tech",2003,38
"KOR.Low Tech",2004,26
"KOR.Low Tech",2005,31
"KOR.Low Tech",2006,42
"KOR.Low Tech",2007,39
"KOR.Low Tech",2008,51
"KOR.Low Tech",2009,83
"KOR.Low Tech",2010,109
"KOR.Low Tech",2011,136
"KOR.Low Tech",2012,113
"KOR.Low Tech",2013,118
"KOR.Low Tech",2014,5
"KOR.Medium-High Tech",2000,118
"KOR.Medium-High Tech",2001,102
"KOR.Medium-High Tech",2002,146
"KOR.Medium-High Tech",2003,149
"KOR.Medium-High Tech",2004,102
"KOR.Medium-High Tech",2005,96
"KOR.Medium-High Tech",2006,123
"KOR.Medium-High Tech",2007,132
"KOR.Medium-High Tech",2008,160
"KOR.Medium-High Tech",2009,259
"KOR.Medium-High Tech",2010,368
"KOR.Medium-High Tech",2011,381
"KOR.Medium-High Tech",2012,361
"KOR.Medium-High Tech",2013,368
"KOR.Medium-High Tech",2014,35
"KOR.Medium-Low Tech",2000,20
"KOR.Medium-Low Tech",2001,18
"KOR.Medium-Low Tech",2002,31
"KOR.Medium-Low Tech",2003,20
"KOR.Medium-Low Tech",2004,17
"KOR.Medium-Low Tech",2005,11
"KOR.Medium-Low Tech",2006,29
"KOR.Medium-Low Tech",2007,32
"KOR.Medium-Low Tech",2008,33
"KOR.Medium-Low Tech",2009,47
"KOR.Medium-Low Tech",2010,71
"KOR.Medium-Low Tech",2011,80
"KOR.Medium-Low Tech",2012,55
"KOR.Medium-Low Tech",2013,65
"KOR.Medium-Low Tech",2014,5
"KWT.High Tech",2001,1
"KWT.High Tech",2005,1
"KWT.Medium-High Tech",2005,4
"KWT.Medium-Low Tech",2007,1
"LAO.High Tech",2013,3
"LAO.Low Tech",2013,1
"LAO.Medium-High Tech",2007,2
"LAO.Medium-High Tech",2013,1
"LBN.High Tech",2000,2
"LBN.High Tech",2006,1
"LBN.High Tech",2007,3
"LBN.High Tech",2011,1
"LBN.High Tech",2012,2
"LBN.Low Tech",2003,2
"LBN.Low Tech",2009,1
"LBN.Low Tech",2010,2
"LBN.Low Tech",2012,2
"LBN.Medium-High Tech",2003,1
"LBN.Medium-High Tech",2004,1
"LBN.Medium-High Tech",2006,1
"LBN.Medium-Low Tech",2012,1
"LBY.High Tech",2006,1
"LBY.High Tech",2009,1
"LBY.Medium-High Tech",2006,1
"LBY.Medium-High Tech",2008,1
"LBY.Medium-High Tech",2009,4
"LIE.High Tech",2000,3
"LIE.High Tech",2006,2
"LIE.High Tech",2010,1
"LIE.Low Tech",2007,1
"LIE.Low Tech",2008,2
"LIE.Low Tech",2010,1
"LIE.Medium-High Tech",2006,1
"LIE.Medium-High Tech",2010,5
"LIE.Medium-High Tech",2012,4
"LIE.Medium-High Tech",2014,2
"LIE.Medium-Low Tech",2008,2
"LKA.High Tech",2000,1
"LKA.High Tech",2007,1
"LKA.High Tech",2008,1
"LKA.High Tech",2010,1
"LKA.High Tech",2012,5
"LKA.High Tech",2014,3
"LKA.Low Tech",2002,6
"LKA.Low Tech",2006,1
"LKA.Low Tech",2008,1
"LKA.Low Tech",2009,3
"LKA.Low Tech",2010,7
"LKA.Low Tech",2012,2
"LKA.Medium-High Tech",2007,3
"LKA.Medium-High Tech",2008,1
"LKA.Medium-High Tech",2009,3
"LKA.Medium-High Tech",2010,2
"LKA.Medium-High Tech",2011,3
"LKA.Medium-High Tech",2012,2
"LKA.Medium-High Tech",2013,4
"LKA.Medium-Low Tech",2002,3
"LKA.Medium-Low Tech",2010,4
"LTU.High Tech",2004,1
"LTU.High Tech",2006,1
"LTU.High Tech",2007,3
"LTU.High Tech",2009,1
"LTU.High Tech",2010,1
"LTU.High Tech",2011,5
"LTU.High Tech",2012,2
"LTU.High Tech",2013,4
"LTU.Low Tech",2002,2
"LTU.Low Tech",2004,2
"LTU.Low Tech",2005,6
"LTU.Low Tech",2006,1
"LTU.Low Tech",2007,5
"LTU.Low Tech",2013,1
"LTU.Medium-High Tech",2000,1
"LTU.Medium-High Tech",2002,6
"LTU.Medium-High Tech",2005,3
"LTU.Medium-High Tech",2006,5
"LTU.Medium-High Tech",2007,2
"LTU.Medium-High Tech",2011,2
"LTU.Medium-High Tech",2013,6
"LTU.Medium-Low Tech",2002,1
"LTU.Medium-Low Tech",2005,4
"LTU.Medium-Low Tech",2006,1
"LUX.High Tech",2000,11
"LUX.High Tech",2002,11
"LUX.High Tech",2003,5
"LUX.High Tech",2004,4
"LUX.High Tech",2010,1
"LUX.High Tech",2014,2
"LUX.Low Tech",2000,1
"LUX.Low Tech",2002,1
"LUX.Low Tech",2004,2
"LUX.Low Tech",2007,2
"LUX.Low Tech",2008,3
"LUX.Low Tech",2009,1
"LUX.Low Tech",2011,5
"LUX.Low Tech",2012,2
"LUX.Low Tech",2014,1
"LUX.Medium-High Tech",2000,5
"LUX.Medium-High Tech",2002,3
"LUX.Medium-High Tech",2005,6
"LUX.Medium-High Tech",2006,1
"LUX.Medium-High Tech",2009,9
"LUX.Medium-High Tech",2010,4
"LUX.Medium-High Tech",2011,18
"LUX.Medium-High Tech",2012,22
"LUX.Medium-High Tech",2013,8
"LUX.Medium-Low Tech",2004,1
"LUX.Medium-Low Tech",2005,1
"LUX.Medium-Low Tech",2007,1
"LUX.Medium-Low Tech",2008,3
"LUX.Medium-Low Tech",2009,3
"LUX.Medium-Low Tech",2011,3
"LUX.Medium-Low Tech",2012,1
"LVA.High Tech",2003,1
"LVA.High Tech",2004,2
"LVA.High Tech",2005,3
"LVA.High Tech",2007,2
"LVA.High Tech",2010,1
"LVA.High Tech",2011,1
"LVA.High Tech",2012,12
"LVA.High Tech",2013,5
"LVA.Low Tech",2003,1
"LVA.Low Tech",2008,2
"LVA.Low Tech",2012,2
"LVA.Low Tech",2013,3
"LVA.Medium-High Tech",2000,2
"LVA.Medium-High Tech",2003,1
"LVA.Medium-High Tech",2006,6
"LVA.Medium-High Tech",2007,2
"LVA.Medium-High Tech",2009,6
"LVA.Medium-High Tech",2010,1
"LVA.Medium-High Tech",2011,1
"LVA.Medium-High Tech",2012,4
"LVA.Medium-High Tech",2013,3
"LVA.Medium-Low Tech",2000,1
"LVA.Medium-Low Tech",2006,1
"LVA.Medium-Low Tech",2009,1
"LVA.Medium-Low Tech",2012,2
"MAR.High Tech",2001,2
"MAR.High Tech",2002,1
"MAR.High Tech",2005,3
"MAR.High Tech",2006,3
"MAR.Medium-High Tech",2007,10
"MAR.Medium-High Tech",2009,1
"MAR.Medium-High Tech",2011,5
"MAR.Medium-High Tech",2012,1
"MAR.Medium-High Tech",2013,3
"MAR.Medium-Low Tech",2007,1
"MAR.Medium-Low Tech",2013,1
"MCO.High Tech",2000,2
"MCO.High Tech",2002,1
"MCO.High Tech",2005,2
"MCO.High Tech",2008,1
"MCO.High Tech",2011,1
"MCO.Low Tech",2003,5
"MCO.Low Tech",2004,1
"MCO.Low Tech",2005,4
"MCO.Low Tech",2006,1
"MCO.Medium-High Tech",2001,1
"MCO.Medium-High Tech",2002,1
"MCO.Medium-High Tech",2003,1
"MCO.Medium-High Tech",2005,1
"MCO.Medium-High Tech",2007,1
"MCO.Medium-High Tech",2008,1
"MCO.Medium-High Tech",2010,3
"MCO.Medium-High Tech",2011,2
"MCO.Medium-High Tech",2012,1
"MCO.Medium-Low Tech",2002,1
"MCO.Medium-Low Tech",2004,1
"MCO.Medium-Low Tech",2005,4
"MCO.Medium-Low Tech",2011,1
"MDA.High Tech",2001,2
"MDA.High Tech",2006,1
"MDA.Medium-High Tech",2004,1
"MDA.Medium-Low Tech",2006,1
"MDG.Medium-High Tech",2005,2
"MDG.Medium-High Tech",2011,2
"MDG.Medium-High Tech",2013,2
"MEX.High Tech",2000,5
"MEX.High Tech",2001,2
"MEX.High Tech",2002,6
"MEX.High Tech",2003,20
"MEX.High Tech",2004,19
"MEX.High Tech",2005,6
"MEX.High Tech",2006,20
"MEX.High Tech",2007,15
"MEX.High Tech",2008,21
"MEX.High Tech",2009,10
"MEX.High Tech",2010,9
"MEX.High Tech",2011,15
"MEX.High Tech",2012,14
"MEX.High Tech",2013,20
"MEX.High Tech",2014,6
"MEX.Low Tech",2000,7
"MEX.Low Tech",2001,16
"MEX.Low Tech",2002,33
"MEX.Low Tech",2003,25
"MEX.Low Tech",2004,10
"MEX.Low Tech",2005,14
"MEX.Low Tech",2006,13
"MEX.Low Tech",2007,19
"MEX.Low Tech",2008,20
"MEX.Low Tech",2009,21
"MEX.Low Tech",2010,20
"MEX.Low Tech",2011,15
"MEX.Low Tech",2012,24
"MEX.Low Tech",2013,13
"MEX.Low Tech",2014,3
"MEX.Medium-High Tech",2000,9
"MEX.Medium-High Tech",2001,27
"MEX.Medium-High Tech",2002,17
"MEX.Medium-High Tech",2003,30
"MEX.Medium-High Tech",2004,17
"MEX.Medium-High Tech",2005,26
"MEX.Medium-High Tech",2006,39
"MEX.Medium-High Tech",2007,46
"MEX.Medium-High Tech",2008,66
"MEX.Medium-High Tech",2009,22
"MEX.Medium-High Tech",2010,35
"MEX.Medium-High Tech",2011,39
"MEX.Medium-High Tech",2012,32
"MEX.Medium-High Tech",2013,51
"MEX.Medium-High Tech",2014,16
"MEX.Medium-Low Tech",2001,5
"MEX.Medium-Low Tech",2002,6
"MEX.Medium-Low Tech",2003,17
"MEX.Medium-Low Tech",2004,4
"MEX.Medium-Low Tech",2005,9
"MEX.Medium-Low Tech",2006,7
"MEX.Medium-Low Tech",2007,13
"MEX.Medium-Low Tech",2008,16
"MEX.Medium-Low Tech",2009,13
"MEX.Medium-Low Tech",2010,17
"MEX.Medium-Low Tech",2011,12
"MEX.Medium-Low Tech",2012,14
"MEX.Medium-Low Tech",2013,10
"MEX.Medium-Low Tech",2014,7
"MKD.High Tech",2012,1
"MKD.Low Tech",2000,1
"MKD.Low Tech",2002,1
"MKD.Low Tech",2004,1
"MKD.Medium-High Tech",2005,1
"MKD.Medium-High Tech",2007,1
"MKD.Medium-High Tech",2008,1
"MLI.Low Tech",2002,3
"MLI.Medium-High Tech",2002,2
"MLI.Medium-Low Tech",2002,4
"MLT.High Tech",2002,1
"MLT.High Tech",2009,1
"MLT.Low Tech",2001,1
"MLT.Low Tech",2007,1
"MLT.Low Tech",2010,1
"MLT.Medium-High Tech",2003,2
"MLT.Medium-High Tech",2004,1
"MLT.Medium-High Tech",2010,1
"MLT.Medium-High Tech",2012,1
"MLT.Medium-Low Tech",2007,1
"MLT.Medium-Low Tech",2010,1
"MMR.Medium-High Tech",2008,3
"MNE.High Tech",2013,1
"MNG.Medium-High Tech",2008,5
"MNG.Medium-High Tech",2011,5
"MNG.Medium-Low Tech",2008,1
"MNG.Medium-Low Tech",2011,2
"MUS.High Tech",2006,1
"MUS.Medium-High Tech",2006,1
"MWI.Low Tech",2010,1
"MYS.High Tech",2000,3
"MYS.High Tech",2001,1
"MYS.High Tech",2003,5
"MYS.High Tech",2004,5
"MYS.High Tech",2005,14
"MYS.High Tech",2006,13
"MYS.High Tech",2007,9
"MYS.High Tech",2008,19
"MYS.High Tech",2009,39
"MYS.High Tech",2010,34
"MYS.High Tech",2011,49
"MYS.High Tech",2012,38
"MYS.High Tech",2013,32
"MYS.Low Tech",2001,1
"MYS.Low Tech",2002,3
"MYS.Low Tech",2003,1
"MYS.Low Tech",2004,3
"MYS.Low Tech",2005,3
"MYS.Low Tech",2006,4
"MYS.Low Tech",2007,9
"MYS.Low Tech",2008,10
"MYS.Low Tech",2009,17
"MYS.Low Tech",2010,16
"MYS.Low Tech",2011,1
"MYS.Low Tech",2012,9
"MYS.Low Tech",2013,5
"MYS.Medium-High Tech",2001,1
"MYS.Medium-High Tech",2002,2
"MYS.Medium-High Tech",2003,4
"MYS.Medium-High Tech",2004,4
"MYS.Medium-High Tech",2005,2
"MYS.Medium-High Tech",2006,5
"MYS.Medium-High Tech",2007,14
"MYS.Medium-High Tech",2008,32
"MYS.Medium-High Tech",2009,35
"MYS.Medium-High Tech",2010,38
"MYS.Medium-High Tech",2011,28
"MYS.Medium-High Tech",2012,24
"MYS.Medium-High Tech",2013,23
"MYS.Medium-Low Tech",2002,3
"MYS.Medium-Low Tech",2003,3
"MYS.Medium-Low Tech",2004,3
"MYS.Medium-Low Tech",2005,3
"MYS.Medium-Low Tech",2006,4
"MYS.Medium-Low Tech",2007,8
"MYS.Medium-Low Tech",2008,4
"MYS.Medium-Low Tech",2009,14
"MYS.Medium-Low Tech",2010,11
"MYS.Medium-Low Tech",2012,5
"MYS.Medium-Low Tech",2013,2
"NA.High Tech",2000,1
"NA.High Tech",2001,1
"NA.High Tech",2006,1
"NA.Low Tech",2003,4
"NA.Low Tech",2005,2
"NA.Medium-High Tech",2000,1
"NA.Medium-High Tech",2001,3
"NA.Medium-High Tech",2002,1
"NA.Medium-High Tech",2003,14
"NA.Medium-High Tech",2005,2
"NA.Medium-High Tech",2006,1
"NA.Medium-Low Tech",2003,1
"NA.Medium-Low Tech",2006,1
"NGA.High Tech",2011,2
"NGA.Low Tech",2006,1
"NGA.Medium-High Tech",2006,1
"NGA.Medium-High Tech",2007,1
"NGA.Medium-High Tech",2011,2
"NGA.Medium-High Tech",2012,1
"NGA.Medium-High Tech",2013,1
"NIC.High Tech",2000,1
"NLD.High Tech",2000,69
"NLD.High Tech",2001,78
"NLD.High Tech",2002,68
"NLD.High Tech",2003,85
"NLD.High Tech",2004,59
"NLD.High Tech",2005,140
"NLD.High Tech",2006,115
"NLD.High Tech",2007,160
"NLD.High Tech",2008,161
"NLD.High Tech",2009,174
"NLD.High Tech",2010,148
"NLD.High Tech",2011,119
"NLD.High Tech",2012,116
"NLD.High Tech",2013,165
"NLD.High Tech",2014,3
"NLD.Low Tech",2000,28
"NLD.Low Tech",2001,17
"NLD.Low Tech",2002,51
"NLD.Low Tech",2003,25
"NLD.Low Tech",2004,35
"NLD.Low Tech",2005,54
"NLD.Low Tech",2006,42
"NLD.Low Tech",2007,68
"NLD.Low Tech",2008,67
"NLD.Low Tech",2009,53
"NLD.Low Tech",2010,57
"NLD.Low Tech",2011,49
"NLD.Low Tech",2012,44
"NLD.Low Tech",2013,62
"NLD.Medium-High Tech",2000,73
"NLD.Medium-High Tech",2001,54
"NLD.Medium-High Tech",2002,64
"NLD.Medium-High Tech",2003,78
"NLD.Medium-High Tech",2004,70
"NLD.Medium-High Tech",2005,121
"NLD.Medium-High Tech",2006,90
"NLD.Medium-High Tech",2007,159
"NLD.Medium-High Tech",2008,139
"NLD.Medium-High Tech",2009,151
"NLD.Medium-High Tech",2010,143
"NLD.Medium-High Tech",2011,98
"NLD.Medium-High Tech",2012,136
"NLD.Medium-High Tech",2013,106
"NLD.Medium-High Tech",2014,4
"NLD.Medium-Low Tech",2000,7
"NLD.Medium-Low Tech",2001,5
"NLD.Medium-Low Tech",2002,34
"NLD.Medium-Low Tech",2003,7
"NLD.Medium-Low Tech",2004,20
"NLD.Medium-Low Tech",2005,18
"NLD.Medium-Low Tech",2006,26
"NLD.Medium-Low Tech",2007,36
"NLD.Medium-Low Tech",2008,26
"NLD.Medium-Low Tech",2009,35
"NLD.Medium-Low Tech",2010,42
"NLD.Medium-Low Tech",2011,33
"NLD.Medium-Low Tech",2012,40
"NLD.Medium-Low Tech",2013,33
"NOR.High Tech",2000,2
"NOR.High Tech",2001,16
"NOR.High Tech",2002,36
"NOR.High Tech",2003,28
"NOR.High Tech",2004,12
"NOR.High Tech",2005,16
"NOR.High Tech",2006,24
"NOR.High Tech",2007,13
"NOR.High Tech",2008,11
"NOR.High Tech",2009,14
"NOR.High Tech",2010,10
"NOR.High Tech",2011,22
"NOR.High Tech",2012,29
"NOR.High Tech",2013,35
"NOR.High Tech",2014,1
"NOR.Low Tech",2000,7
"NOR.Low Tech",2001,4
"NOR.Low Tech",2002,10
"NOR.Low Tech",2003,8
"NOR.Low Tech",2004,3
"NOR.Low Tech",2005,13
"NOR.Low Tech",2006,11
"NOR.Low Tech",2007,3
"NOR.Low Tech",2008,3
"NOR.Low Tech",2009,8
"NOR.Low Tech",2010,10
"NOR.Low Tech",2011,5
"NOR.Low Tech",2012,15
"NOR.Low Tech",2013,13
"NOR.Low Tech",2014,1
"NOR.Medium-High Tech",2000,20
"NOR.Medium-High Tech",2001,29
"NOR.Medium-High Tech",2002,42
"NOR.Medium-High Tech",2003,37
"NOR.Medium-High Tech",2004,10
"NOR.Medium-High Tech",2005,36
"NOR.Medium-High Tech",2006,36
"NOR.Medium-High Tech",2007,17
"NOR.Medium-High Tech",2008,30
"NOR.Medium-High Tech",2009,36
"NOR.Medium-High Tech",2010,41
"NOR.Medium-High Tech",2011,64
"NOR.Medium-High Tech",2012,60
"NOR.Medium-High Tech",2013,90
"NOR.Medium-High Tech",2014,3
"NOR.Medium-Low Tech",2000,1
"NOR.Medium-Low Tech",2001,3
"NOR.Medium-Low Tech",2002,1
"NOR.Medium-Low Tech",2003,6
"NOR.Medium-Low Tech",2004,1
"NOR.Medium-Low Tech",2005,6
"NOR.Medium-Low Tech",2006,7
"NOR.Medium-Low Tech",2007,6
"NOR.Medium-Low Tech",2008,3
"NOR.Medium-Low Tech",2009,5
"NOR.Medium-Low Tech",2010,7
"NOR.Medium-Low Tech",2011,12
"NOR.Medium-Low Tech",2012,10
"NOR.Medium-Low Tech",2013,3
"NOR.Medium-Low Tech",2014,1
"NPL.High Tech",2008,2
"NZL.High Tech",2000,2
"NZL.High Tech",2001,3
"NZL.High Tech",2002,6
"NZL.High Tech",2003,8
"NZL.High Tech",2004,8
"NZL.High Tech",2005,5
"NZL.High Tech",2006,6
"NZL.High Tech",2007,5
"NZL.High Tech",2008,10
"NZL.High Tech",2009,3
"NZL.High Tech",2010,2
"NZL.High Tech",2011,7
"NZL.High Tech",2012,7
"NZL.High Tech",2013,8
"NZL.Low Tech",2000,3
"NZL.Low Tech",2003,1
"NZL.Low Tech",2004,3
"NZL.Low Tech",2005,1
"NZL.Low Tech",2006,2
"NZL.Low Tech",2007,7
"NZL.Low Tech",2008,4
"NZL.Low Tech",2009,9
"NZL.Low Tech",2010,3
"NZL.Low Tech",2011,4
"NZL.Low Tech",2012,1
"NZL.Low Tech",2013,5
"NZL.Medium-High Tech",2000,7
"NZL.Medium-High Tech",2001,7
"NZL.Medium-High Tech",2002,2
"NZL.Medium-High Tech",2003,3
"NZL.Medium-High Tech",2004,5
"NZL.Medium-High Tech",2005,1
"NZL.Medium-High Tech",2006,4
"NZL.Medium-High Tech",2007,11
"NZL.Medium-High Tech",2008,6
"NZL.Medium-High Tech",2009,4
"NZL.Medium-High Tech",2010,1
"NZL.Medium-High Tech",2011,6
"NZL.Medium-High Tech",2012,7
"NZL.Medium-High Tech",2013,11
"NZL.Medium-Low Tech",2004,2
"NZL.Medium-Low Tech",2007,5
"NZL.Medium-Low Tech",2009,3
"NZL.Medium-Low Tech",2011,3
"NZL.Medium-Low Tech",2012,4
"NZL.Medium-Low Tech",2013,1
"OMN.High Tech",2012,1
"OMN.Medium-High Tech",2012,1
"PAK.High Tech",2001,1
"PAK.High Tech",2002,1
"PAK.High Tech",2013,1
"PAK.Low Tech",2014,1
"PAK.Medium-High Tech",2001,1
"PAK.Medium-High Tech",2003,1
"PAN.High Tech",2006,1
"PAN.High Tech",2010,3
"PAN.High Tech",2011,3
"PAN.High Tech",2012,7
"PAN.High Tech",2013,4
"PAN.Low Tech",2003,1
"PAN.Low Tech",2006,2
"PAN.Medium-High Tech",2001,1
"PAN.Medium-High Tech",2010,1
"PAN.Medium-High Tech",2011,1
"PAN.Medium-High Tech",2012,1
"PAN.Medium-High Tech",2013,3
"PAN.Medium-Low Tech",2013,1
"PER.High Tech",2003,1
"PER.High Tech",2009,1
"PER.High Tech",2011,2
"PER.High Tech",2012,2
"PER.High Tech",2013,1
"PER.Low Tech",2003,3
"PER.Low Tech",2004,1
"PER.Low Tech",2008,1
"PER.Low Tech",2009,4
"PER.Medium-High Tech",2004,3
"PER.Medium-High Tech",2006,2
"PER.Medium-High Tech",2008,5
"PER.Medium-High Tech",2009,2
"PER.Medium-High Tech",2010,2
"PER.Medium-High Tech",2011,2
"PER.Medium-High Tech",2012,1
"PER.Medium-High Tech",2013,2
"PER.Medium-Low Tech",2002,1
"PER.Medium-Low Tech",2003,3
"PER.Medium-Low Tech",2008,1
"PHL.High Tech",2000,4
"PHL.High Tech",2002,6
"PHL.High Tech",2006,3
"PHL.High Tech",2007,2
"PHL.High Tech",2008,3
"PHL.High Tech",2010,2
"PHL.High Tech",2013,3
"PHL.Low Tech",2000,1
"PHL.Low Tech",2001,3
"PHL.Low Tech",2002,1
"PHL.Low Tech",2003,1
"PHL.Low Tech",2004,3
"PHL.Low Tech",2005,5
"PHL.Low Tech",2006,5
"PHL.Low Tech",2007,3
"PHL.Low Tech",2008,3
"PHL.Low Tech",2010,3
"PHL.Low Tech",2011,3
"PHL.Low Tech",2013,4
"PHL.Medium-High Tech",2000,4
"PHL.Medium-High Tech",2002,8
"PHL.Medium-High Tech",2003,2
"PHL.Medium-High Tech",2004,2
"PHL.Medium-High Tech",2005,11
"PHL.Medium-High Tech",2006,3
"PHL.Medium-High Tech",2007,1
"PHL.Medium-High Tech",2008,3
"PHL.Medium-High Tech",2009,7
"PHL.Medium-High Tech",2011,7
"PHL.Medium-High Tech",2012,5
"PHL.Medium-High Tech",2013,4
"PHL.Medium-Low Tech",2001,3
"PHL.Medium-Low Tech",2004,3
"PHL.Medium-Low Tech",2005,2
"PHL.Medium-Low Tech",2008,4
"PHL.Medium-Low Tech",2011,1
"PHL.Medium-Low Tech",2013,3
"POL.High Tech",2000,3
"POL.High Tech",2001,16
"POL.High Tech",2002,4
"POL.High Tech",2003,6
"POL.High Tech",2005,4
"POL.High Tech",2006,11
"POL.High Tech",2007,9
"POL.High Tech",2008,28
"POL.High Tech",2009,36
"POL.High Tech",2010,50
"POL.High Tech",2011,40
"POL.High Tech",2012,41
"POL.High Tech",2013,43
"POL.High Tech",2014,3
"POL.Low Tech",2000,5
"POL.Low Tech",2001,8
"POL.Low Tech",2002,8
"POL.Low Tech",2003,3
"POL.Low Tech",2004,2
"POL.Low Tech",2006,1
"POL.Low Tech",2007,6
"POL.Low Tech",2008,1
"POL.Low Tech",2009,5
"POL.Low Tech",2010,7
"POL.Low Tech",2011,3
"POL.Low Tech",2012,8
"POL.Low Tech",2013,5
"POL.Medium-High Tech",2000,9
"POL.Medium-High Tech",2001,5
"POL.Medium-High Tech",2002,5
"POL.Medium-High Tech",2003,6
"POL.Medium-High Tech",2004,1
"POL.Medium-High Tech",2005,5
"POL.Medium-High Tech",2006,7
"POL.Medium-High Tech",2007,19
"POL.Medium-High Tech",2008,16
"POL.Medium-High Tech",2009,14
"POL.Medium-High Tech",2010,18
"POL.Medium-High Tech",2011,17
"POL.Medium-High Tech",2012,25
"POL.Medium-High Tech",2013,56
"POL.Medium-High Tech",2014,6
"POL.Medium-Low Tech",2000,2
"POL.Medium-Low Tech",2001,4
"POL.Medium-Low Tech",2002,1
"POL.Medium-Low Tech",2003,4
"POL.Medium-Low Tech",2006,1
"POL.Medium-Low Tech",2007,6
"POL.Medium-Low Tech",2008,1
"POL.Medium-Low Tech",2009,1
"POL.Medium-Low Tech",2010,5
"POL.Medium-Low Tech",2011,1
"POL.Medium-Low Tech",2012,1
"POL.Medium-Low Tech",2013,7
"POL.Medium-Low Tech",2014,1
"PRI.Medium-High Tech",2012,1
"PRK.High Tech",2011,1
"PRK.High Tech",2013,3
"PRK.Medium-High Tech",2003,2
"PRK.Medium-High Tech",2013,1
"PRK.Medium-Low Tech",2003,1
"PRK.Medium-Low Tech",2008,1
"PRK.Medium-Low Tech",2013,1
"PRT.High Tech",2000,3
"PRT.High Tech",2002,2
"PRT.High Tech",2003,4
"PRT.High Tech",2004,5
"PRT.High Tech",2005,5
"PRT.High Tech",2006,2
"PRT.High Tech",2007,6
"PRT.High Tech",2008,7
"PRT.High Tech",2009,9
"PRT.High Tech",2010,10
"PRT.High Tech",2011,8
"PRT.High Tech",2012,6
"PRT.High Tech",2013,6
"PRT.Low Tech",2000,1
"PRT.Low Tech",2001,3
"PRT.Low Tech",2002,7
"PRT.Low Tech",2003,11
"PRT.Low Tech",2004,3
"PRT.Low Tech",2006,2
"PRT.Low Tech",2007,1
"PRT.Low Tech",2008,4
"PRT.Low Tech",2009,9
"PRT.Low Tech",2010,9
"PRT.Low Tech",2012,1
"PRT.Low Tech",2013,6
"PRT.Medium-High Tech",2001,5
"PRT.Medium-High Tech",2002,3
"PRT.Medium-High Tech",2003,6
"PRT.Medium-High Tech",2004,12
"PRT.Medium-High Tech",2005,7
"PRT.Medium-High Tech",2006,9
"PRT.Medium-High Tech",2007,9
"PRT.Medium-High Tech",2008,12
"PRT.Medium-High Tech",2009,6
"PRT.Medium-High Tech",2010,8
"PRT.Medium-High Tech",2011,10
"PRT.Medium-High Tech",2012,13
"PRT.Medium-High Tech",2013,6
"PRT.Medium-Low Tech",2001,5
"PRT.Medium-Low Tech",2002,5
"PRT.Medium-Low Tech",2003,5
"PRT.Medium-Low Tech",2004,2
"PRT.Medium-Low Tech",2008,3
"PRT.Medium-Low Tech",2009,5
"PRT.Medium-Low Tech",2010,2
"PRT.Medium-Low Tech",2011,3
"PRT.Medium-Low Tech",2012,3
"PRT.Medium-Low Tech",2013,4
"QAT.High Tech",2010,3
"QAT.High Tech",2012,27
"QAT.High Tech",2013,9
"QAT.Low Tech",2004,1
"QAT.Low Tech",2012,1
"QAT.Medium-High Tech",2004,1
"QAT.Medium-High Tech",2010,3
"QAT.Medium-High Tech",2012,2
"QAT.Medium-High Tech",2013,2
"ROU.High Tech",2001,3
"ROU.High Tech",2003,5
"ROU.High Tech",2004,3
"ROU.High Tech",2005,4
"ROU.High Tech",2006,5
"ROU.High Tech",2007,14
"ROU.High Tech",2008,16
"ROU.High Tech",2009,11
"ROU.High Tech",2010,4
"ROU.High Tech",2011,8
"ROU.High Tech",2012,13
"ROU.High Tech",2013,12
"ROU.Low Tech",2000,1
"ROU.Low Tech",2003,1
"ROU.Low Tech",2005,1
"ROU.Low Tech",2006,1
"ROU.Low Tech",2009,1
"ROU.Low Tech",2010,1
"ROU.Low Tech",2012,1
"ROU.Low Tech",2013,1
"ROU.Medium-High Tech",2001,4
"ROU.Medium-High Tech",2002,1
"ROU.Medium-High Tech",2003,7
"ROU.Medium-High Tech",2004,3
"ROU.Medium-High Tech",2005,6
"ROU.Medium-High Tech",2006,2
"ROU.Medium-High Tech",2007,2
"ROU.Medium-High Tech",2008,8
"ROU.Medium-High Tech",2009,6
"ROU.Medium-High Tech",2010,6
"ROU.Medium-High Tech",2012,4
"ROU.Medium-High Tech",2013,1
"ROU.Medium-Low Tech",2004,3
"ROU.Medium-Low Tech",2009,1
"ROU.Medium-Low Tech",2012,1
"RUS.High Tech",2000,81
"RUS.High Tech",2001,73
"RUS.High Tech",2002,68
"RUS.High Tech",2003,78
"RUS.High Tech",2004,64
"RUS.High Tech",2005,121
"RUS.High Tech",2006,115
"RUS.High Tech",2007,102
"RUS.High Tech",2008,95
"RUS.High Tech",2009,96
"RUS.High Tech",2010,114
"RUS.High Tech",2011,173
"RUS.High Tech",2012,208
"RUS.High Tech",2013,242
"RUS.High Tech",2014,14
"RUS.Low Tech",2000,32
"RUS.Low Tech",2001,23
"RUS.Low Tech",2002,37
"RUS.Low Tech",2003,30
"RUS.Low Tech",2004,25
"RUS.Low Tech",2005,37
"RUS.Low Tech",2006,39
"RUS.Low Tech",2007,38
"RUS.Low Tech",2008,31
"RUS.Low Tech",2009,27
"RUS.Low Tech",2010,37
"RUS.Low Tech",2011,34
"RUS.Low Tech",2012,31
"RUS.Low Tech",2013,49
"RUS.Low Tech",2014,3
"RUS.Medium-High Tech",2000,68
"RUS.Medium-High Tech",2001,84
"RUS.Medium-High Tech",2002,63
"RUS.Medium-High Tech",2003,91
"RUS.Medium-High Tech",2004,38
"RUS.Medium-High Tech",2005,107
"RUS.Medium-High Tech",2006,149
"RUS.Medium-High Tech",2007,140
"RUS.Medium-High Tech",2008,145
"RUS.Medium-High Tech",2009,126
"RUS.Medium-High Tech",2010,128
"RUS.Medium-High Tech",2011,195
"RUS.Medium-High Tech",2012,227
"RUS.Medium-High Tech",2013,235
"RUS.Medium-High Tech",2014,31
"RUS.Medium-Low Tech",2000,30
"RUS.Medium-Low Tech",2001,22
"RUS.Medium-Low Tech",2002,32
"RUS.Medium-Low Tech",2003,21
"RUS.Medium-Low Tech",2004,11
"RUS.Medium-Low Tech",2005,17
"RUS.Medium-Low Tech",2006,29
"RUS.Medium-Low Tech",2007,33
"RUS.Medium-Low Tech",2008,26
"RUS.Medium-Low Tech",2009,16
"RUS.Medium-Low Tech",2010,26
"RUS.Medium-Low Tech",2011,32
"RUS.Medium-Low Tech",2012,37
"RUS.Medium-Low Tech",2013,48
"RUS.Medium-Low Tech",2014,6
"SAU.High Tech",2001,1
"SAU.High Tech",2003,3
"SAU.High Tech",2004,2
"SAU.High Tech",2005,5
"SAU.High Tech",2006,1
"SAU.High Tech",2008,2
"SAU.High Tech",2009,9
"SAU.High Tech",2010,9
"SAU.High Tech",2011,7
"SAU.High Tech",2013,4
"SAU.Low Tech",2002,1
"SAU.Low Tech",2008,1
"SAU.Low Tech",2010,4
"SAU.Low Tech",2011,2
"SAU.Medium-High Tech",2001,1
"SAU.Medium-High Tech",2002,5
"SAU.Medium-High Tech",2003,3
"SAU.Medium-High Tech",2004,1
"SAU.Medium-High Tech",2006,1
"SAU.Medium-High Tech",2007,3
"SAU.Medium-High Tech",2008,1
"SAU.Medium-High Tech",2009,2
"SAU.Medium-High Tech",2010,5
"SAU.Medium-High Tech",2011,14
"SAU.Medium-High Tech",2012,2
"SAU.Medium-High Tech",2013,8
"SDN.High Tech",2001,2
"SDN.High Tech",2005,2
"SDN.High Tech",2006,1
"SDN.High Tech",2008,1
"SDN.Low Tech",2007,1
"SDN.Medium-High Tech",2000,3
"SDN.Medium-High Tech",2004,1
"SDN.Medium-High Tech",2006,2
"SDN.Medium-High Tech",2007,1
"SDN.Medium-High Tech",2011,2
"SEN.Low Tech",2006,2
"SEN.Low Tech",2011,1
"SEN.Medium-High Tech",2001,1
"SEN.Medium-Low Tech",2001,1
"SGP.High Tech",2000,104
"SGP.High Tech",2001,116
"SGP.High Tech",2002,131
"SGP.High Tech",2003,75
"SGP.High Tech",2004,95
"SGP.High Tech",2005,146
"SGP.High Tech",2006,112
"SGP.High Tech",2007,116
"SGP.High Tech",2008,157
"SGP.High Tech",2009,130
"SGP.High Tech",2010,112
"SGP.High Tech",2011,90
"SGP.High Tech",2012,93
"SGP.High Tech",2013,98
"SGP.High Tech",2014,1
"SGP.Low Tech",2000,10
"SGP.Low Tech",2001,12
"SGP.Low Tech",2002,13
"SGP.Low Tech",2003,20
"SGP.Low Tech",2004,23
"SGP.Low Tech",2005,34
"SGP.Low Tech",2006,46
"SGP.Low Tech",2007,50
"SGP.Low Tech",2008,55
"SGP.Low Tech",2009,47
"SGP.Low Tech",2010,52
"SGP.Low Tech",2011,29
"SGP.Low Tech",2012,32
"SGP.Low Tech",2013,51
"SGP.Low Tech",2014,1
"SGP.Medium-High Tech",2000,48
"SGP.Medium-High Tech",2001,36
"SGP.Medium-High Tech",2002,47
"SGP.Medium-High Tech",2003,26
"SGP.Medium-High Tech",2004,39
"SGP.Medium-High Tech",2005,64
"SGP.Medium-High Tech",2006,51
"SGP.Medium-High Tech",2007,68
"SGP.Medium-High Tech",2008,130
"SGP.Medium-High Tech",2009,91
"SGP.Medium-High Tech",2010,103
"SGP.Medium-High Tech",2011,64
"SGP.Medium-High Tech",2012,110
"SGP.Medium-High Tech",2013,123
"SGP.Medium-High Tech",2014,2
"SGP.Medium-Low Tech",2000,9
"SGP.Medium-Low Tech",2001,9
"SGP.Medium-Low Tech",2002,7
"SGP.Medium-Low Tech",2003,10
"SGP.Medium-Low Tech",2004,11
"SGP.Medium-Low Tech",2005,23
"SGP.Medium-Low Tech",2006,24
"SGP.Medium-Low Tech",2007,23
"SGP.Medium-Low Tech",2008,16
"SGP.Medium-Low Tech",2009,19
"SGP.Medium-Low Tech",2010,27
"SGP.Medium-Low Tech",2011,21
"SGP.Medium-Low Tech",2012,11
"SGP.Medium-Low Tech",2013,21
"SLV.Medium-High Tech",2008,1
"SLV.Medium-High Tech",2009,1
"SMR.Medium-High Tech",2007,1
"SMR.Medium-High Tech",2013,1
"SRB.High Tech",2007,2
"SRB.High Tech",2009,1
"SRB.High Tech",2010,2
"SRB.High Tech",2012,2
"SRB.High Tech",2013,4
"SRB.Low Tech",2007,1
"SRB.Low Tech",2013,2
"SRB.Medium-High Tech",2007,2
"SRB.Medium-High Tech",2008,4
"SRB.Medium-High Tech",2010,1
"SRB.Medium-High Tech",2011,1
"SRB.Medium-High Tech",2012,19
"SRB.Medium-High Tech",2013,3
"SRB.Medium-High Tech",2014,1
"SRB.Medium-Low Tech",2008,1
"SRB.Medium-Low Tech",2012,1
"SVK.High Tech",2002,1
"SVK.High Tech",2003,2
"SVK.High Tech",2005,4
"SVK.High Tech",2006,4
"SVK.High Tech",2008,5
"SVK.High Tech",2009,2
"SVK.High Tech",2010,3
"SVK.High Tech",2011,1
"SVK.High Tech",2012,3
"SVK.High Tech",2013,1
"SVK.Low Tech",2002,2
"SVK.Low Tech",2003,1
"SVK.Low Tech",2006,2
"SVK.Low Tech",2007,1
"SVK.Low Tech",2008,1
"SVK.Low Tech",2009,2
"SVK.Medium-High Tech",2000,10
"SVK.Medium-High Tech",2002,6
"SVK.Medium-High Tech",2003,3
"SVK.Medium-High Tech",2004,6
"SVK.Medium-High Tech",2005,1
"SVK.Medium-High Tech",2006,8
"SVK.Medium-High Tech",2008,1
"SVK.Medium-High Tech",2009,1
"SVK.Medium-High Tech",2010,2
"SVK.Medium-High Tech",2011,10
"SVK.Medium-High Tech",2012,3
"SVK.Medium-High Tech",2013,4
"SVK.Medium-Low Tech",2005,1
"SVK.Medium-Low Tech",2011,5
"SVK.Medium-Low Tech",2012,1
"SVK.Medium-Low Tech",2013,1
"SVN.High Tech",2000,2
"SVN.High Tech",2002,5
"SVN.High Tech",2003,5
"SVN.High Tech",2005,6
"SVN.High Tech",2007,4
"SVN.High Tech",2008,4
"SVN.High Tech",2009,8
"SVN.High Tech",2010,7
"SVN.High Tech",2011,2
"SVN.High Tech",2012,6
"SVN.High Tech",2013,3
"SVN.High Tech",2014,1
"SVN.Low Tech",2003,4
"SVN.Low Tech",2004,2
"SVN.Low Tech",2005,1
"SVN.Low Tech",2007,1
"SVN.Low Tech",2008,1
"SVN.Low Tech",2009,2
"SVN.Low Tech",2010,11
"SVN.Low Tech",2011,1
"SVN.Low Tech",2012,3
"SVN.Low Tech",2013,5
"SVN.Medium-High Tech",2000,3
"SVN.Medium-High Tech",2001,1
"SVN.Medium-High Tech",2002,5
"SVN.Medium-High Tech",2003,2
"SVN.Medium-High Tech",2004,1
"SVN.Medium-High Tech",2005,3
"SVN.Medium-High Tech",2007,5
"SVN.Medium-High Tech",2008,3
"SVN.Medium-High Tech",2009,7
"SVN.Medium-High Tech",2010,8
"SVN.Medium-High Tech",2011,5
"SVN.Medium-High Tech",2012,8
"SVN.Medium-High Tech",2013,11
"SVN.Medium-High Tech",2014,1
"SVN.Medium-Low Tech",2001,1
"SVN.Medium-Low Tech",2002,1
"SVN.Medium-Low Tech",2003,3
"SVN.Medium-Low Tech",2004,1
"SVN.Medium-Low Tech",2007,1
"SVN.Medium-Low Tech",2010,2
"SVN.Medium-Low Tech",2011,1
"SVN.Medium-Low Tech",2012,1
"SVN.Medium-Low Tech",2013,7
"SVN.Medium-Low Tech",2014,1
"SWE.High Tech",2000,26
"SWE.High Tech",2001,123
"SWE.High Tech",2002,149
"SWE.High Tech",2003,224
"SWE.High Tech",2004,244
"SWE.High Tech",2005,405
"SWE.High Tech",2006,540
"SWE.High Tech",2007,620
"SWE.High Tech",2008,658
"SWE.High Tech",2009,696
"SWE.High Tech",2010,728
"SWE.High Tech",2011,820
"SWE.High Tech",2012,836
"SWE.High Tech",2013,858
"SWE.High Tech",2014,54
"SWE.Low Tech",2000,29
"SWE.Low Tech",2001,30
"SWE.Low Tech",2002,24
"SWE.Low Tech",2003,13
"SWE.Low Tech",2004,76
"SWE.Low Tech",2005,150
"SWE.Low Tech",2006,135
"SWE.Low Tech",2007,143
"SWE.Low Tech",2008,125
"SWE.Low Tech",2009,145
"SWE.Low Tech",2010,104
"SWE.Low Tech",2011,106
"SWE.Low Tech",2012,142
"SWE.Low Tech",2013,94
"SWE.Medium-High Tech",2000,120
"SWE.Medium-High Tech",2001,37
"SWE.Medium-High Tech",2002,48
"SWE.Medium-High Tech",2003,66
"SWE.Medium-High Tech",2004,120
"SWE.Medium-High Tech",2005,228
"SWE.Medium-High Tech",2006,296
"SWE.Medium-High Tech",2007,347
"SWE.Medium-High Tech",2008,422
"SWE.Medium-High Tech",2009,487
"SWE.Medium-High Tech",2010,431
"SWE.Medium-High Tech",2011,554
"SWE.Medium-High Tech",2012,484
"SWE.Medium-High Tech",2013,530
"SWE.Medium-High Tech",2014,25
"SWE.Medium-Low Tech",2000,16
"SWE.Medium-Low Tech",2001,8
"SWE.Medium-Low Tech",2002,7
"SWE.Medium-Low Tech",2003,9
"SWE.Medium-Low Tech",2004,19
"SWE.Medium-Low Tech",2005,38
"SWE.Medium-Low Tech",2006,42
"SWE.Medium-Low Tech",2007,57
"SWE.Medium-Low Tech",2008,66
"SWE.Medium-Low Tech",2009,82
"SWE.Medium-Low Tech",2010,72
"SWE.Medium-Low Tech",2011,78
"SWE.Medium-Low Tech",2012,88
"SWE.Medium-Low Tech",2013,53
"SWZ.Low Tech",2008,2
"SWZ.Medium-High Tech",2011,1
"SYR.High Tech",2008,1
"SYR.High Tech",2009,1
"SYR.High Tech",2010,1
"SYR.High Tech",2011,3
"SYR.High Tech",2012,1
"SYR.Low Tech",2004,1
"SYR.Low Tech",2006,3
"SYR.Low Tech",2007,1
"SYR.Low Tech",2009,1
"SYR.Low Tech",2010,3
"SYR.Low Tech",2012,1
"SYR.Medium-High Tech",2005,1
"SYR.Medium-High Tech",2006,1
"SYR.Medium-High Tech",2008,2
"SYR.Medium-High Tech",2009,3
"SYR.Medium-High Tech",2010,7
"SYR.Medium-High Tech",2013,1
"THA.High Tech",2001,10
"THA.High Tech",2002,3
"THA.High Tech",2006,2
"THA.High Tech",2008,4
"THA.High Tech",2009,9
"THA.High Tech",2010,13
"THA.High Tech",2011,6
"THA.High Tech",2012,7
"THA.High Tech",2013,9
"THA.Low Tech",2000,4
"THA.Low Tech",2001,2
"THA.Low Tech",2004,1
"THA.Low Tech",2005,1
"THA.Low Tech",2007,1
"THA.Low Tech",2008,1
"THA.Low Tech",2009,1
"THA.Low Tech",2010,12
"THA.Low Tech",2011,7
"THA.Low Tech",2012,10
"THA.Low Tech",2013,2
"THA.Medium-High Tech",2000,2
"THA.Medium-High Tech",2001,3
"THA.Medium-High Tech",2002,1
"THA.Medium-High Tech",2003,1
"THA.Medium-High Tech",2007,2
"THA.Medium-High Tech",2008,3
"THA.Medium-High Tech",2009,7
"THA.Medium-High Tech",2010,23
"THA.Medium-High Tech",2011,43
"THA.Medium-High Tech",2012,24
"THA.Medium-High Tech",2013,36
"THA.Medium-High Tech",2014,3
"THA.Medium-Low Tech",2000,3
"THA.Medium-Low Tech",2004,1
"THA.Medium-Low Tech",2009,3
"THA.Medium-Low Tech",2010,6
"THA.Medium-Low Tech",2011,10
"THA.Medium-Low Tech",2012,13
"THA.Medium-Low Tech",2013,2
"THA.Medium-Low Tech",2014,1
"TON.Medium-High Tech",2013,2
"TTO.Low Tech",2006,1
"TTO.Low Tech",2007,2
"TUN.High Tech",2007,2
"TUN.High Tech",2008,1
"TUN.High Tech",2009,6
"TUN.Low Tech",2002,1
"TUN.Low Tech",2009,1
"TUN.Low Tech",2010,1
"TUN.Medium-High Tech",2002,5
"TUN.Medium-High Tech",2004,1
"TUN.Medium-High Tech",2005,1
"TUN.Medium-High Tech",2010,2
"TUN.Medium-High Tech",2012,2
"TUN.Medium-Low Tech",2002,1
"TUN.Medium-Low Tech",2003,1
"TUR.High Tech",2000,3
"TUR.High Tech",2001,8
"TUR.High Tech",2002,12
"TUR.High Tech",2003,12
"TUR.High Tech",2004,7
"TUR.High Tech",2005,11
"TUR.High Tech",2006,15
"TUR.High Tech",2007,11
"TUR.High Tech",2008,14
"TUR.High Tech",2009,18
"TUR.High Tech",2010,23
"TUR.High Tech",2011,19
"TUR.High Tech",2012,41
"TUR.High Tech",2013,92
"TUR.High Tech",2014,4
"TUR.Low Tech",2000,9
"TUR.Low Tech",2001,2
"TUR.Low Tech",2002,6
"TUR.Low Tech",2003,8
"TUR.Low Tech",2004,7
"TUR.Low Tech",2005,9
"TUR.Low Tech",2006,4
"TUR.Low Tech",2007,8
"TUR.Low Tech",2008,11
"TUR.Low Tech",2009,16
"TUR.Low Tech",2010,10
"TUR.Low Tech",2011,5
"TUR.Low Tech",2012,12
"TUR.Low Tech",2013,13
"TUR.Medium-High Tech",2000,18
"TUR.Medium-High Tech",2001,21
"TUR.Medium-High Tech",2002,16
"TUR.Medium-High Tech",2003,17
"TUR.Medium-High Tech",2004,10
"TUR.Medium-High Tech",2005,22
"TUR.Medium-High Tech",2006,18
"TUR.Medium-High Tech",2007,23
"TUR.Medium-High Tech",2008,36
"TUR.Medium-High Tech",2009,19
"TUR.Medium-High Tech",2010,32
"TUR.Medium-High Tech",2011,35
"TUR.Medium-High Tech",2012,41
"TUR.Medium-High Tech",2013,133
"TUR.Medium-High Tech",2014,2
"TUR.Medium-Low Tech",2000,9
"TUR.Medium-Low Tech",2001,3
"TUR.Medium-Low Tech",2002,8
"TUR.Medium-Low Tech",2003,6
"TUR.Medium-Low Tech",2004,6
"TUR.Medium-Low Tech",2005,10
"TUR.Medium-Low Tech",2006,4
"TUR.Medium-Low Tech",2007,8
"TUR.Medium-Low Tech",2008,17
"TUR.Medium-Low Tech",2009,8
"TUR.Medium-Low Tech",2010,9
"TUR.Medium-Low Tech",2011,4
"TUR.Medium-Low Tech",2012,4
"TUR.Medium-Low Tech",2013,16
"TWN.High Tech",2000,3
"TWN.High Tech",2001,7
"TWN.High Tech",2002,3
"TWN.High Tech",2003,1
"TWN.High Tech",2004,1
"TWN.High Tech",2006,1
"TWN.High Tech",2007,1
"TWN.High Tech",2008,2
"TWN.High Tech",2012,7
"TWN.High Tech",2013,24
"TWN.High Tech",2014,2
"TWN.Low Tech",2001,1
"TWN.Low Tech",2004,3
"TWN.Low Tech",2007,1
"TWN.Low Tech",2009,3
"TWN.Low Tech",2013,3
"TWN.Medium-High Tech",2000,2
"TWN.Medium-High Tech",2002,2
"TWN.Medium-High Tech",2005,2
"TWN.Medium-High Tech",2012,3
"TWN.Medium-High Tech",2013,21
"TWN.Medium-High Tech",2014,1
"TWN.Medium-Low Tech",2000,1
"TWN.Medium-Low Tech",2009,3
"TWN.Medium-Low Tech",2012,1
"TWN.Medium-Low Tech",2013,7
"TZA.High Tech",2011,2
"UGA.Medium-High Tech",2011,2
"UKR.High Tech",2001,4
"UKR.High Tech",2002,1
"UKR.High Tech",2003,2
"UKR.High Tech",2004,5
"UKR.High Tech",2005,10
"UKR.High Tech",2007,6
"UKR.High Tech",2008,7
"UKR.High Tech",2009,12
"UKR.High Tech",2010,45
"UKR.High Tech",2011,19
"UKR.High Tech",2012,22
"UKR.High Tech",2013,2
"UKR.Low Tech",2002,1
"UKR.Low Tech",2003,1
"UKR.Low Tech",2004,1
"UKR.Low Tech",2005,2
"UKR.Low Tech",2007,1
"UKR.Low Tech",2008,1
"UKR.Low Tech",2009,3
"UKR.Low Tech",2010,5
"UKR.Low Tech",2011,1
"UKR.Low Tech",2012,5
"UKR.Medium-High Tech",2000,6
"UKR.Medium-High Tech",2001,4
"UKR.Medium-High Tech",2002,8
"UKR.Medium-High Tech",2003,5
"UKR.Medium-High Tech",2004,9
"UKR.Medium-High Tech",2005,7
"UKR.Medium-High Tech",2006,6
"UKR.Medium-High Tech",2007,13
"UKR.Medium-High Tech",2008,12
"UKR.Medium-High Tech",2009,11
"UKR.Medium-High Tech",2010,7
"UKR.Medium-High Tech",2011,7
"UKR.Medium-High Tech",2012,7
"UKR.Medium-High Tech",2013,5
"UKR.Medium-Low Tech",2000,6
"UKR.Medium-Low Tech",2001,3
"UKR.Medium-Low Tech",2004,5
"UKR.Medium-Low Tech",2005,2
"UKR.Medium-Low Tech",2006,4
"UKR.Medium-Low Tech",2007,1
"UKR.Medium-Low Tech",2008,2
"UKR.Medium-Low Tech",2009,2
"UKR.Medium-Low Tech",2010,1
"URY.High Tech",2006,1
"URY.High Tech",2010,1
"URY.High Tech",2011,2
"URY.Low Tech",2001,1
"URY.Medium-High Tech",2004,3
"URY.Medium-High Tech",2007,1
"URY.Medium-High Tech",2011,2
"URY.Medium-High Tech",2012,1
"URY.Medium-High Tech",2013,5
"USA.High Tech",2000,3351
"USA.High Tech",2001,3452
"USA.High Tech",2002,2481
"USA.High Tech",2003,2121
"USA.High Tech",2004,1418
"USA.High Tech",2005,897
"USA.High Tech",2006,874
"USA.High Tech",2007,869
"USA.High Tech",2008,1132
"USA.High Tech",2009,1034
"USA.High Tech",2010,1277
"USA.High Tech",2011,2487
"USA.High Tech",2012,1966
"USA.High Tech",2013,2652
"USA.High Tech",2014,97
"USA.Low Tech",2000,862
"USA.Low Tech",2001,860
"USA.Low Tech",2002,770
"USA.Low Tech",2003,830
"USA.Low Tech",2004,575
"USA.Low Tech",2005,408
"USA.Low Tech",2006,388
"USA.Low Tech",2007,320
"USA.Low Tech",2008,342
"USA.Low Tech",2009,267
"USA.Low Tech",2010,348
"USA.Low Tech",2011,441
"USA.Low Tech",2012,443
"USA.Low Tech",2013,517
"USA.Low Tech",2014,21
"USA.Medium-High Tech",2000,1540
"USA.Medium-High Tech",2001,1385
"USA.Medium-High Tech",2002,1358
"USA.Medium-High Tech",2003,1442
"USA.Medium-High Tech",2004,1132
"USA.Medium-High Tech",2005,898
"USA.Medium-High Tech",2006,1014
"USA.Medium-High Tech",2007,891
"USA.Medium-High Tech",2008,932
"USA.Medium-High Tech",2009,920
"USA.Medium-High Tech",2010,1104
"USA.Medium-High Tech",2011,1480
"USA.Medium-High Tech",2012,1657
"USA.Medium-High Tech",2013,1994
"USA.Medium-High Tech",2014,91
"USA.Medium-Low Tech",2000,412
"USA.Medium-Low Tech",2001,439
"USA.Medium-Low Tech",2002,352
"USA.Medium-Low Tech",2003,312
"USA.Medium-Low Tech",2004,259
"USA.Medium-Low Tech",2005,231
"USA.Medium-Low Tech",2006,239
"USA.Medium-Low Tech",2007,197
"USA.Medium-Low Tech",2008,178
"USA.Medium-Low Tech",2009,184
"USA.Medium-Low Tech",2010,210
"USA.Medium-Low Tech",2011,263
"USA.Medium-Low Tech",2012,273
"USA.Medium-Low Tech",2013,338
"USA.Medium-Low Tech",2014,6
"UZB.Low Tech",2010,1
"UZB.Medium-High Tech",2010,2
"UZB.Medium-High Tech",2013,1
"VEN.High Tech",2004,1
"VEN.High Tech",2006,1
"VEN.High Tech",2007,1
"VEN.High Tech",2011,1
"VEN.Low Tech",2000,1
"VEN.Low Tech",2004,1
"VEN.Low Tech",2007,1
"VEN.Low Tech",2009,1
"VEN.Low Tech",2011,1
"VEN.Low Tech",2013,3
"VEN.Medium-High Tech",2000,1
"VEN.Medium-High Tech",2007,3
"VEN.Medium-High Tech",2011,2
"VEN.Medium-High Tech",2012,2
"VEN.Medium-High Tech",2013,3
"VEN.Medium-Low Tech",2005,1
"VNM.High Tech",2003,2
"VNM.High Tech",2007,1
"VNM.High Tech",2012,2
"VNM.High Tech",2013,1
"VNM.Low Tech",2010,3
"VNM.Low Tech",2011,6
"VNM.Low Tech",2012,5
"VNM.Low Tech",2013,6
"VNM.Medium-High Tech",2003,3
"VNM.Medium-High Tech",2008,2
"VNM.Medium-High Tech",2009,2
"VNM.Medium-High Tech",2010,12
"VNM.Medium-High Tech",2011,2
"VNM.Medium-High Tech",2012,1
"VNM.Medium-High Tech",2013,3
"VNM.Medium-Low Tech",2010,1
"VNM.Medium-Low Tech",2011,3
"YEM.High Tech",2009,1
"YEM.Medium-High Tech",2000,1
"ZAF.High Tech",2000,12
"ZAF.High Tech",2001,3
"ZAF.High Tech",2002,9
"ZAF.High Tech",2003,2
"ZAF.High Tech",2005,2
"ZAF.High Tech",2006,14
"ZAF.High Tech",2007,3
"ZAF.High Tech",2008,9
"ZAF.High Tech",2009,6
"ZAF.High Tech",2010,5
"ZAF.High Tech",2011,3
"ZAF.High Tech",2012,1
"ZAF.Low Tech",2000,12
"ZAF.Low Tech",2001,3
"ZAF.Low Tech",2002,5
"ZAF.Low Tech",2003,2
"ZAF.Low Tech",2004,5
"ZAF.Low Tech",2005,12
"ZAF.Low Tech",2006,12
"ZAF.Low Tech",2007,6
"ZAF.Low Tech",2008,4
"ZAF.Low Tech",2009,8
"ZAF.Low Tech",2010,7
"ZAF.Low Tech",2011,7
"ZAF.Low Tech",2012,13
"ZAF.Low Tech",2013,3
"ZAF.Medium-High Tech",2000,8
"ZAF.Medium-High Tech",2001,16
"ZAF.Medium-High Tech",2002,16
"ZAF.Medium-High Tech",2003,5
"ZAF.Medium-High Tech",2004,19
"ZAF.Medium-High Tech",2005,13
"ZAF.Medium-High Tech",2006,13
"ZAF.Medium-High Tech",2007,19
"ZAF.Medium-High Tech",2008,20
"ZAF.Medium-High Tech",2009,17
"ZAF.Medium-High Tech",2010,5
"ZAF.Medium-High Tech",2011,16
"ZAF.Medium-High Tech",2012,6
"ZAF.Medium-High Tech",2013,5
"ZAF.Medium-Low Tech",2000,9
"ZAF.Medium-Low Tech",2001,3
"ZAF.Medium-Low Tech",2002,2
"ZAF.Medium-Low Tech",2003,2
"ZAF.Medium-Low Tech",2005,9
"ZAF.Medium-Low Tech",2006,7
"ZAF.Medium-Low Tech",2007,7
"ZAF.Medium-Low Tech",2008,2
"ZAF.Medium-Low Tech",2009,4
"ZAF.Medium-Low Tech",2010,4
"ZAF.Medium-Low Tech",2011,3
"ZAF.Medium-Low Tech",2012,6
"ZAF.Medium-Low Tech",2013,3
"ZWE.High Tech",2001,1
"ZWE.Medium-High Tech",2001,1
"ZWE.Medium-High Tech",2011,1
"ZWE.Medium-High Tech",2013,1
"ZWE.Medium-Low Tech",2000,1
